{
"type": "FeatureCollection",
"name": "Parcels_Sampled_P2O5_BA",
"features": [
{ "type": "Feature", "properties": { "OBJECTID": 346, "ID": 0, "SUP": 2.339, "Shape_Leng": 0.0061636351777500003, "Shape_Area": 2.3590444874099998e-06 }, "geometry": { "type": "Polygon", "coordinates": [ [ [ 10.1422274, 36.6554277, 0.0 ], [ 10.1422314, 36.6556789, 0.0 ], [ 10.1421269, 36.655887, 0.0 ], [ 10.1413171, 36.6564333, 0.0 ], [ 10.1407839, 36.6567246, 0.0 ], [ 10.139944, 36.6559882, 0.0 ], [ 10.1414945, 36.6547533, 0.0 ], [ 10.1422274, 36.6554277, 0.0 ] ] ] } },
{ "type": "Feature", "properties": { "OBJECTID": 413, "ID": 0, "SUP": 3.288, "Shape_Leng": 0.0089187808570399991, "Shape_Area": 3.31531513926e-06 }, "geometry": { "type": "Polygon", "coordinates": [ [ [ 10.1288041, 36.64084, 0.0 ], [ 10.1288092, 36.640982, 0.0 ], [ 10.128784, 36.640895, 0.0 ], [ 10.1286191, 36.6403583, 0.0 ], [ 10.1285862, 36.6403225, 0.0 ], [ 10.128462, 36.6403498, 0.0 ], [ 10.128232, 36.6404704, 0.0 ], [ 10.127982, 36.6405853, 0.0 ], [ 10.1276528, 36.640741, 0.0 ], [ 10.1270957, 36.6409953, 0.0 ], [ 10.12688, 36.6410805, 0.0 ], [ 10.1264579, 36.6398358, 0.0 ], [ 10.1264579, 36.6398358, 0.0 ], [ 10.1264579, 36.6398358, 0.0 ], [ 10.1264385, 36.6398283, 0.0 ], [ 10.1265813, 36.6398126, 0.0 ], [ 10.1266874, 36.639783, 0.0 ], [ 10.1268285, 36.6397148, 0.0 ], [ 10.1270329, 36.6395269, 0.0 ], [ 10.1272078, 36.6393392, 0.0 ], [ 10.1274927, 36.6389883, 0.0 ], [ 10.1277077, 36.6387805, 0.0 ], [ 10.1282013, 36.6387257, 0.0 ], [ 10.1284493, 36.6387068, 0.0 ], [ 10.1286979, 36.6386936, 0.0 ], [ 10.1286103, 36.6391174, 0.0 ], [ 10.128589, 36.6394826, 0.0 ], [ 10.1286128, 36.6398973, 0.0 ], [ 10.1286548, 36.6403406, 0.0 ], [ 10.1288041, 36.64084, 0.0 ] ] ] } },
{ "type": "Feature", "properties": { "OBJECTID": 504, "ID": 0, "SUP": 7.832, "Shape_Leng": 0.0126220942645, "Shape_Area": 7.9030644746599999e-06 }, "geometry": { "type": "Polygon", "coordinates": [ [ [ 10.1560227, 36.7079933, 0.0 ], [ 10.1573372, 36.7068151, 0.0 ], [ 10.1602618, 36.7088667, 0.0 ], [ 10.1610241, 36.7094013, 0.0 ], [ 10.1598119, 36.7105456, 0.0 ], [ 10.1597184, 36.7106302, 0.0 ], [ 10.1584479, 36.7097306, 0.0 ], [ 10.1571966, 36.7088445, 0.0 ], [ 10.1560103, 36.7080044, 0.0 ], [ 10.1560227, 36.7079933, 0.0 ] ] ] } },
{ "type": "Feature", "properties": { "OBJECTID": 871, "ID": 0, "SUP": 69.542, "Shape_Leng": 0.037499195601999998, "Shape_Area": 7.0093930297399995e-05 }, "geometry": { "type": "Polygon", "coordinates": [ [ [ 10.0812209, 36.6192693, 0.0 ], [ 10.069169, 36.6246762, 0.0 ], [ 10.068211, 36.6232307, 0.0 ], [ 10.067522, 36.6221906, 0.0 ], [ 10.0667299, 36.6209662, 0.0 ], [ 10.0662302, 36.6202143, 0.0 ], [ 10.0723727, 36.6175244, 0.0 ], [ 10.073308, 36.6171225, 0.0 ], [ 10.0742224, 36.6164917, 0.0 ], [ 10.0770683, 36.6143409, 0.0 ], [ 10.0775805, 36.614787, 0.0 ], [ 10.0786683, 36.6157789, 0.0 ], [ 10.0791373, 36.6163185, 0.0 ], [ 10.0797966, 36.6177651, 0.0 ], [ 10.0798315, 36.6178525, 0.0 ], [ 10.079874, 36.6179377, 0.0 ], [ 10.0799237, 36.6180204, 0.0 ], [ 10.0799805, 36.6181, 0.0 ], [ 10.080044, 36.6181763, 0.0 ], [ 10.080114, 36.6182487, 0.0 ], [ 10.0810539, 36.6191275, 0.0 ], [ 10.0812209, 36.6192693, 0.0 ] ] ] } },
{ "type": "Feature", "properties": { "OBJECTID": 872, "ID": 0, "SUP": 53.102, "Shape_Leng": 0.033652911004800001, "Shape_Area": 5.3520191640899997e-05 }, "geometry": { "type": "Polygon", "coordinates": [ [ [ 10.1069521, 36.6129813, 0.0 ], [ 10.1058355, 36.6143658, 0.0 ], [ 10.1045124, 36.6159881, 0.0 ], [ 10.1039854, 36.6163746, 0.0 ], [ 10.1035325, 36.6167723, 0.0 ], [ 10.1026172, 36.6179495, 0.0 ], [ 10.1025458, 36.618129, 0.0 ], [ 10.102343, 36.618429, 0.0 ], [ 10.102093, 36.6185387, 0.0 ], [ 10.1020301, 36.6182769, 0.0 ], [ 10.1017387, 36.6175521, 0.0 ], [ 10.1014977, 36.6172443, 0.0 ], [ 10.1012424, 36.617075, 0.0 ], [ 10.101226, 36.6168636, 0.0 ], [ 10.1011852, 36.6164871, 0.0 ], [ 10.101051, 36.6162817, 0.0 ], [ 10.100798, 36.6158944, 0.0 ], [ 10.1004158, 36.6152301, 0.0 ], [ 10.100266, 36.6150979, 0.0 ], [ 10.1001815, 36.6149794, 0.0 ], [ 10.0998496, 36.6148741, 0.0 ], [ 10.0996348, 36.6147473, 0.0 ], [ 10.0992969, 36.6147074, 0.0 ], [ 10.0990666, 36.6147382, 0.0 ], [ 10.0985757, 36.6148273, 0.0 ], [ 10.0983338, 36.6148772, 0.0 ], [ 10.0981838, 36.6150755, 0.0 ], [ 10.0972079, 36.6138537, 0.0 ], [ 10.0964692, 36.6130878, 0.0 ], [ 10.0962781, 36.612616, 0.0 ], [ 10.0958442, 36.6120571, 0.0 ], [ 10.0958, 36.6118707, 0.0 ], [ 10.0958972, 36.6114167, 0.0 ], [ 10.097747, 36.6093842, 0.0 ], [ 10.0998731, 36.6111892, 0.0 ], [ 10.102005, 36.6092376, 0.0 ], [ 10.102116, 36.6092225, 0.0 ], [ 10.1021422, 36.6094035, 0.0 ], [ 10.1023811, 36.6095539, 0.0 ], [ 10.1026327, 36.609771, 0.0 ], [ 10.1029052, 36.6097971, 0.0 ], [ 10.1032138, 36.609861, 0.0 ], [ 10.1034376, 36.609889, 0.0 ], [ 10.1037117, 36.6099232, 0.0 ], [ 10.1039028, 36.6100455, 0.0 ], [ 10.1040588, 36.6101967, 0.0 ], [ 10.104049, 36.6103399, 0.0 ], [ 10.1040155, 36.6104833, 0.0 ], [ 10.1041953, 36.6106438, 0.0 ], [ 10.1043974, 36.6107087, 0.0 ], [ 10.1049791, 36.6108369, 0.0 ], [ 10.1055852, 36.6110125, 0.0 ], [ 10.105897, 36.6113054, 0.0 ], [ 10.1060419, 36.6115044, 0.0 ], [ 10.1060715, 36.6119239, 0.0 ], [ 10.1062055, 36.612, 0.0 ], [ 10.1062863, 36.6120459, 0.0 ], [ 10.1064073, 36.6122356, 0.0 ], [ 10.1064233, 36.6122687, 0.0 ], [ 10.1065075, 36.6124435, 0.0 ], [ 10.1065171, 36.6124636, 0.0 ], [ 10.106563, 36.6126326, 0.0 ], [ 10.1065921, 36.6127395, 0.0 ], [ 10.1067715, 36.6128714, 0.0 ], [ 10.1069521, 36.6129813, 0.0 ] ] ] } },
{ "type": "Feature", "properties": { "OBJECTID": 873, "ID": 0, "SUP": 37.234, "Shape_Leng": 0.029605489218400002, "Shape_Area": 3.7517816705399998e-05 }, "geometry": { "type": "Polygon", "coordinates": [ [ [ 10.1007225, 36.5909313, 0.0 ], [ 10.1007261, 36.5906629, 0.0 ], [ 10.1018125, 36.5896812, 0.0 ], [ 10.1031753, 36.5907806, 0.0 ], [ 10.1064663, 36.5933743, 0.0 ], [ 10.1045025, 36.5951895, 0.0 ], [ 10.1041249, 36.5956052, 0.0 ], [ 10.1040693, 36.595666, 0.0 ], [ 10.1039859, 36.595814, 0.0 ], [ 10.1038465, 36.5959942, 0.0 ], [ 10.1020067, 36.5976641, 0.0 ], [ 10.1015162, 36.5981123, 0.0 ], [ 10.1014281, 36.5981632, 0.0 ], [ 10.1012503, 36.5981362, 0.0 ], [ 10.1007464, 36.5976471, 0.0 ], [ 10.100374, 36.5972568, 0.0 ], [ 10.1002228, 36.5970953, 0.0 ], [ 10.1000968, 36.5969606, 0.0 ], [ 10.099939, 36.5968285, 0.0 ], [ 10.0997034, 36.5966908, 0.0 ], [ 10.0995078, 36.596664, 0.0 ], [ 10.0985585, 36.5966727, 0.0 ], [ 10.0981244, 36.5967268, 0.0 ], [ 10.0974502, 36.596817, 0.0 ], [ 10.0967164, 36.596933, 0.0 ], [ 10.095787, 36.5970989, 0.0 ], [ 10.0983403, 36.5946405, 0.0 ], [ 10.0992637, 36.5937707, 0.0 ], [ 10.0994407, 36.5935988, 0.0 ], [ 10.100048, 36.5930832, 0.0 ], [ 10.100048, 36.5930832, 0.0 ], [ 10.1000993, 36.5930396, 0.0 ], [ 10.1001129, 36.5930281, 0.0 ], [ 10.1002208, 36.5929316, 0.0 ], [ 10.1008571, 36.592363, 0.0 ], [ 10.1011179, 36.59213, 0.0 ], [ 10.10125, 36.592012, 0.0 ], [ 10.1012914, 36.5919397, 0.0 ], [ 10.1008846, 36.5912186, 0.0 ], [ 10.1008364, 36.5911333, 0.0 ], [ 10.1007225, 36.5909313, 0.0 ] ] ] } },
{ "type": "Feature", "properties": { "OBJECTID": 874, "ID": 0, "SUP": 13.001, "Shape_Leng": 0.025643097395200001, "Shape_Area": 1.3101541287400001e-05 }, "geometry": { "type": "Polygon", "coordinates": [ [ [ 10.100565, 36.6066704, 0.0 ], [ 10.1004757, 36.6067474, 0.0 ], [ 10.0992412, 36.6052323, 0.0 ], [ 10.0968991, 36.6027853, 0.0 ], [ 10.0951125, 36.6009056, 0.0 ], [ 10.0958453, 36.6004337, 0.0 ], [ 10.0936708, 36.5983519, 0.0 ], [ 10.0952143, 36.5974682, 0.0 ], [ 10.0954206, 36.5976567, 0.0 ], [ 10.0956789, 36.5978795, 0.0 ], [ 10.0959121, 36.5981365, 0.0 ], [ 10.0960459, 36.5983928, 0.0 ], [ 10.0962968, 36.5985623, 0.0 ], [ 10.0963459, 36.5986858, 0.0 ], [ 10.0964093, 36.5989905, 0.0 ], [ 10.0965675, 36.5992944, 0.0 ], [ 10.0965964, 36.5996662, 0.0 ], [ 10.0968183, 36.6002938, 0.0 ], [ 10.0968834, 36.6008719, 0.0 ], [ 10.0968859, 36.6008942, 0.0 ], [ 10.0970209, 36.6012364, 0.0 ], [ 10.0971913, 36.6015688, 0.0 ], [ 10.0972792, 36.6018088, 0.0 ], [ 10.0973759, 36.6020727, 0.0 ], [ 10.0974493, 36.6022438, 0.0 ], [ 10.0976291, 36.6024043, 0.0 ], [ 10.0978936, 36.6026976, 0.0 ], [ 10.0981006, 36.6031155, 0.0 ], [ 10.0984716, 36.6034078, 0.0 ], [ 10.0991737, 36.6036876, 0.0 ], [ 10.0995195, 36.6038752, 0.0 ], [ 10.1000816, 36.6042898, 0.0 ], [ 10.1005832, 36.6046191, 0.0 ], [ 10.1007192, 36.6050281, 0.0 ], [ 10.1009224, 36.6051693, 0.0 ], [ 10.1011024, 36.6053489, 0.0 ], [ 10.1011191, 36.6056922, 0.0 ], [ 10.1010872, 36.6059405, 0.0 ], [ 10.1008773, 36.6061619, 0.0 ], [ 10.1006321, 36.6063931, 0.0 ], [ 10.1005897, 36.6065686, 0.0 ], [ 10.100565, 36.6066704, 0.0 ] ] ] } },
{ "type": "Feature", "properties": { "OBJECTID": 909, "ID": 0, "SUP": 16.559, "Shape_Leng": 0.018951034498100001, "Shape_Area": 1.6699176893599998e-05 }, "geometry": { "type": "Polygon", "coordinates": [ [ [ 10.1159223, 36.6595556, 0.0 ], [ 10.112648, 36.6620255, 0.0 ], [ 10.1117783, 36.6609839, 0.0 ], [ 10.1113279, 36.6604407, 0.0 ], [ 10.1117356, 36.6600484, 0.0 ], [ 10.1117409, 36.6600054, 0.0 ], [ 10.1121925, 36.6595003, 0.0 ], [ 10.1126, 36.6590195, 0.0 ], [ 10.1139745, 36.6578499, 0.0 ], [ 10.1146166, 36.6572118, 0.0 ], [ 10.1159913, 36.6551222, 0.0 ], [ 10.1161087, 36.6551425, 0.0 ], [ 10.1162241, 36.6551694, 0.0 ], [ 10.1163368, 36.6552029, 0.0 ], [ 10.1164463, 36.6552426, 0.0 ], [ 10.116552, 36.6552885, 0.0 ], [ 10.1166535, 36.6553402, 0.0 ], [ 10.1167501, 36.6553976, 0.0 ], [ 10.1168416, 36.6554603, 0.0 ], [ 10.1169273, 36.6555281, 0.0 ], [ 10.1170068, 36.6556006, 0.0 ], [ 10.1170799, 36.6556774, 0.0 ], [ 10.117146, 36.6557582, 0.0 ], [ 10.1172049, 36.6558425, 0.0 ], [ 10.1172562, 36.65593, 0.0 ], [ 10.1172998, 36.6560201, 0.0 ], [ 10.1173354, 36.6561125, 0.0 ], [ 10.1173628, 36.6562067, 0.0 ], [ 10.1173819, 36.6563023, 0.0 ], [ 10.1173926, 36.6563986, 0.0 ], [ 10.1173949, 36.6564954, 0.0 ], [ 10.1173886, 36.656592, 0.0 ], [ 10.117374, 36.656688, 0.0 ], [ 10.1173509, 36.656783, 0.0 ], [ 10.1173196, 36.6568764, 0.0 ], [ 10.1172802, 36.6569678, 0.0 ], [ 10.117233, 36.6570568, 0.0 ], [ 10.1171011, 36.6572407, 0.0 ], [ 10.1169623, 36.6574213, 0.0 ], [ 10.1168167, 36.6575983, 0.0 ], [ 10.1166644, 36.6577717, 0.0 ], [ 10.1165057, 36.6579413, 0.0 ], [ 10.116441, 36.6580037, 0.0 ], [ 10.1163821, 36.6580697, 0.0 ], [ 10.116329, 36.6581389, 0.0 ], [ 10.1162822, 36.6582109, 0.0 ], [ 10.1162419, 36.6582854, 0.0 ], [ 10.1162082, 36.658362, 0.0 ], [ 10.1161813, 36.6584404, 0.0 ], [ 10.1161365, 36.6586173, 0.0 ], [ 10.1160213, 36.6589987, 0.0 ], [ 10.1159601, 36.6590637, 0.0 ], [ 10.1159095, 36.6592502, 0.0 ], [ 10.1158848, 36.6593864, 0.0 ], [ 10.1159223, 36.6595556, 0.0 ] ] ] } },
{ "type": "Feature", "properties": { "OBJECTID": 1038, "ID": 0, "SUP": 472.532, "Shape_Leng": 0.14883754501800001, "Shape_Area": 0.00047631258002700001 }, "geometry": { "type": "Polygon", "coordinates": [ [ [ 10.0522594, 36.6044768, 0.0 ], [ 10.0537269, 36.6032016, 0.0 ], [ 10.054132, 36.6029277, 0.0 ], [ 10.0543136, 36.602814, 0.0 ], [ 10.0546127, 36.6032805, 0.0 ], [ 10.0557727, 36.605064, 0.0 ], [ 10.0557728, 36.6050641, 0.0 ], [ 10.0564741, 36.6061548, 0.0 ], [ 10.0564741, 36.6061548, 0.0 ], [ 10.0565641, 36.6062881, 0.0 ], [ 10.0571562, 36.6071656, 0.0 ], [ 10.057166, 36.6071687, 0.0 ], [ 10.0574328, 36.6075963, 0.0 ], [ 10.0574101, 36.6076532, 0.0 ], [ 10.0572957, 36.6079405, 0.0 ], [ 10.0569908, 36.6083606, 0.0 ], [ 10.0568305, 36.6085409, 0.0 ], [ 10.0564804, 36.6089017, 0.0 ], [ 10.0564379, 36.6090333, 0.0 ], [ 10.0563358, 36.6091415, 0.0 ], [ 10.0562041, 36.60925, 0.0 ], [ 10.0559387, 36.609312, 0.0 ], [ 10.0554666, 36.6093997, 0.0 ], [ 10.0552756, 36.6094968, 0.0 ], [ 10.0550853, 36.6096415, 0.0 ], [ 10.0547766, 36.6097874, 0.0 ], [ 10.0544819, 36.6098735, 0.0 ], [ 10.0543939, 36.609922, 0.0 ], [ 10.0545578, 36.6100159, 0.0 ], [ 10.0548689, 36.6100489, 0.0 ], [ 10.0552244, 36.6100816, 0.0 ], [ 10.0557133, 36.6101369, 0.0 ], [ 10.055994, 36.6101105, 0.0 ], [ 10.0562602, 36.6101082, 0.0 ], [ 10.0569251, 36.6100546, 0.0 ], [ 10.0571455, 36.6099453, 0.0 ], [ 10.0573804, 36.609812, 0.0 ], [ 10.057704, 36.609678, 0.0 ], [ 10.0579393, 36.6095805, 0.0 ], [ 10.058247, 36.6093631, 0.0 ], [ 10.0584536, 36.6092113, 0.0 ], [ 10.0584562, 36.6092126, 0.0 ], [ 10.0587273, 36.6099048, 0.0 ], [ 10.0587273, 36.6099049, 0.0 ], [ 10.0588299, 36.6096149, 0.0 ], [ 10.0589831, 36.6098553, 0.0 ], [ 10.059079, 36.6099499, 0.0 ], [ 10.0591481, 36.6100703, 0.0 ], [ 10.0592236, 36.6101507, 0.0 ], [ 10.0595194, 36.6105527, 0.0 ], [ 10.0602119, 36.6116677, 0.0 ], [ 10.0609212, 36.6126803, 0.0 ], [ 10.0613497, 36.6132921, 0.0 ], [ 10.0621991, 36.6145945, 0.0 ], [ 10.0628642, 36.6154661, 0.0 ], [ 10.0635599, 36.6163674, 0.0 ], [ 10.0642087, 36.6172918, 0.0 ], [ 10.065627, 36.6193065, 0.0 ], [ 10.0662302, 36.6202143, 0.0 ], [ 10.0667299, 36.6209662, 0.0 ], [ 10.067522, 36.6221906, 0.0 ], [ 10.068211, 36.6232307, 0.0 ], [ 10.069169, 36.6246762, 0.0 ], [ 10.0693895, 36.625009, 0.0 ], [ 10.070159, 36.6260873, 0.0 ], [ 10.0713512, 36.6278992, 0.0 ], [ 10.0719878, 36.6288965, 0.0 ], [ 10.0735599, 36.6311187, 0.0 ], [ 10.0735599, 36.6311187, 0.0 ], [ 10.0735299, 36.6311322, 0.0 ], [ 10.0735299, 36.6311322, 0.0 ], [ 10.0734832, 36.6311644, 0.0 ], [ 10.0729325, 36.6315432, 0.0 ], [ 10.0725139, 36.6318876, 0.0 ], [ 10.0725107, 36.6318902, 0.0 ], [ 10.0724931, 36.6319048, 0.0 ], [ 10.0724608, 36.6319313, 0.0 ], [ 10.0715896, 36.632648, 0.0 ], [ 10.0714924, 36.632728, 0.0 ], [ 10.0711268, 36.6331961, 0.0 ], [ 10.0707596, 36.6336662, 0.0 ], [ 10.0707217, 36.6337148, 0.0 ], [ 10.070527, 36.6339641, 0.0 ], [ 10.0705384, 36.6339966, 0.0 ], [ 10.0705886, 36.63414, 0.0 ], [ 10.0707179, 36.6342487, 0.0 ], [ 10.0708581, 36.6343666, 0.0 ], [ 10.0713469, 36.634615, 0.0 ], [ 10.0718589, 36.6348298, 0.0 ], [ 10.0721832, 36.634922, 0.0 ], [ 10.0709524, 36.636161, 0.0 ], [ 10.0707736, 36.6360767, 0.0 ], [ 10.0704404, 36.6363802, 0.0 ], [ 10.0708173, 36.636663, 0.0 ], [ 10.0703993, 36.6372535, 0.0 ], [ 10.0716177, 36.638044, 0.0 ], [ 10.0726034, 36.6389726, 0.0 ], [ 10.0718164, 36.639259, 0.0 ], [ 10.0709219, 36.6385059, 0.0 ], [ 10.0705031, 36.6381853, 0.0 ], [ 10.0696166, 36.6385584, 0.0 ], [ 10.069079, 36.6387896, 0.0 ], [ 10.069245, 36.6396611, 0.0 ], [ 10.069201, 36.6396239, 0.0 ], [ 10.0690733, 36.6395078, 0.0 ], [ 10.0689653, 36.6394248, 0.0 ], [ 10.0686499, 36.6391582, 0.0 ], [ 10.0671211, 36.6390431, 0.0 ], [ 10.0662442, 36.6389696, 0.0 ], [ 10.0667632, 36.6385297, 0.0 ], [ 10.0674115, 36.6377175, 0.0 ], [ 10.068092, 36.636865, 0.0 ], [ 10.0682339, 36.6366822, 0.0 ], [ 10.0683505, 36.6365572, 0.0 ], [ 10.0684902, 36.6362935, 0.0 ], [ 10.0683982, 36.6362149, 0.0 ], [ 10.0682728, 36.6361079, 0.0 ], [ 10.0681964, 36.6360427, 0.0 ], [ 10.0678608, 36.6358263, 0.0 ], [ 10.0676805, 36.6358637, 0.0 ], [ 10.0675411, 36.6358925, 0.0 ], [ 10.067411, 36.6358823, 0.0 ], [ 10.0672923, 36.635873, 0.0 ], [ 10.0672625, 36.6358707, 0.0 ], [ 10.0668085, 36.6354783, 0.0 ], [ 10.0661435, 36.6349106, 0.0 ], [ 10.066119, 36.6348913, 0.0 ], [ 10.0658662, 36.6346747, 0.0 ], [ 10.0657936, 36.6346348, 0.0 ], [ 10.0657806, 36.6346354, 0.0 ], [ 10.0656052, 36.6345546, 0.0 ], [ 10.065846, 36.6340357, 0.0 ], [ 10.0659213, 36.6337137, 0.0 ], [ 10.0659634, 36.6336017, 0.0 ], [ 10.0659663, 36.6335939, 0.0 ], [ 10.066182, 36.633399, 0.0 ], [ 10.0665918, 36.6332881, 0.0 ], [ 10.0667387, 36.6332446, 0.0 ], [ 10.0670037, 36.6331409, 0.0 ], [ 10.0674626, 36.6329624, 0.0 ], [ 10.067687, 36.6328785, 0.0 ], [ 10.0685065, 36.6325721, 0.0 ], [ 10.0688718, 36.6323902, 0.0 ], [ 10.0688718, 36.6323902, 0.0 ], [ 10.0692133, 36.6321482, 0.0 ], [ 10.0693651, 36.6320406, 0.0 ], [ 10.0693651, 36.6320406, 0.0 ], [ 10.0693155, 36.6316936, 0.0 ], [ 10.0691742, 36.6314015, 0.0 ], [ 10.068854, 36.6309553, 0.0 ], [ 10.0688626, 36.6309324, 0.0 ], [ 10.0688001, 36.6308526, 0.0 ], [ 10.0687936, 36.6308443, 0.0 ], [ 10.0685604, 36.6305462, 0.0 ], [ 10.0685003, 36.6304625, 0.0 ], [ 10.0684319, 36.6303671, 0.0 ], [ 10.0683734, 36.6303802, 0.0 ], [ 10.0675456, 36.6305648, 0.0 ], [ 10.0672304, 36.6306351, 0.0 ], [ 10.0666141, 36.6307726, 0.0 ], [ 10.065912, 36.6311037, 0.0 ], [ 10.065254, 36.631414, 0.0 ], [ 10.0647006, 36.6315281, 0.0 ], [ 10.0644577, 36.6315548, 0.0 ], [ 10.0641286, 36.6315909, 0.0 ], [ 10.0631114, 36.6317026, 0.0 ], [ 10.0622047, 36.6318486, 0.0 ], [ 10.0613103, 36.631895, 0.0 ], [ 10.0604581, 36.6319747, 0.0 ], [ 10.059274, 36.6320344, 0.0 ], [ 10.059182, 36.632039, 0.0 ], [ 10.0575275, 36.6321843, 0.0 ], [ 10.0571921, 36.6317349, 0.0 ], [ 10.0571468, 36.6317098, 0.0 ], [ 10.0571217, 36.6316705, 0.0 ], [ 10.0570836, 36.6316555, 0.0 ], [ 10.0570503, 36.6316425, 0.0 ], [ 10.0569956, 36.6316261, 0.0 ], [ 10.0569344, 36.6316077, 0.0 ], [ 10.0567389, 36.6315951, 0.0 ], [ 10.0564463, 36.6316192, 0.0 ], [ 10.0559675, 36.6316664, 0.0 ], [ 10.0555423, 36.6317274, 0.0 ], [ 10.0550367, 36.6317605, 0.0 ], [ 10.0545933, 36.631793, 0.0 ], [ 10.0542578, 36.6317828, 0.0 ], [ 10.0542291, 36.631782, 0.0 ], [ 10.0539545, 36.6318273, 0.0 ], [ 10.0535024, 36.6318743, 0.0 ], [ 10.0532011, 36.6319127, 0.0 ], [ 10.0528463, 36.6319373, 0.0 ], [ 10.052509, 36.6319403, 0.0 ], [ 10.0519679, 36.6319737, 0.0 ], [ 10.051551, 36.6319988, 0.0 ], [ 10.0511346, 36.6320597, 0.0 ], [ 10.0504362, 36.6320526, 0.0 ], [ 10.049724, 36.6322045, 0.0 ], [ 10.0496473, 36.6322191, 0.0 ], [ 10.0493664, 36.6321781, 0.0 ], [ 10.0492667, 36.6319582, 0.0 ], [ 10.049139, 36.6317514, 0.0 ], [ 10.0490521, 36.6316493, 0.0 ], [ 10.0490428, 36.6316319, 0.0 ], [ 10.0485936, 36.6309463, 0.0 ], [ 10.0484032, 36.6305713, 0.0 ], [ 10.0481116, 36.6299668, 0.0 ], [ 10.0477708, 36.6294133, 0.0 ], [ 10.0477159, 36.6293173, 0.0 ], [ 10.0475215, 36.6291191, 0.0 ], [ 10.0462931, 36.6272694, 0.0 ], [ 10.0453687, 36.6258776, 0.0 ], [ 10.0459336, 36.6253209, 0.0 ], [ 10.0463439, 36.625031, 0.0 ], [ 10.0471672, 36.6246422, 0.0 ], [ 10.0475762, 36.624257, 0.0 ], [ 10.0494188, 36.6237406, 0.0 ], [ 10.0494197, 36.6236564, 0.0 ], [ 10.0497747, 36.6230832, 0.0 ], [ 10.0497903, 36.623058, 0.0 ], [ 10.050316, 36.6224671, 0.0 ], [ 10.0507249, 36.6220075, 0.0 ], [ 10.0508554, 36.6215829, 0.0 ], [ 10.0508016, 36.6210728, 0.0 ], [ 10.05071, 36.6208667, 0.0 ], [ 10.0506321, 36.6206913, 0.0 ], [ 10.0503829, 36.620476, 0.0 ], [ 10.0497031, 36.6196546, 0.0 ], [ 10.0496063, 36.6195376, 0.0 ], [ 10.0495934, 36.6195381, 0.0 ], [ 10.0494948, 36.6195414, 0.0 ], [ 10.0493447, 36.6193758, 0.0 ], [ 10.048687, 36.6188807, 0.0 ], [ 10.0481551, 36.6189331, 0.0 ], [ 10.0475065, 36.6191058, 0.0 ], [ 10.0466541, 36.6195187, 0.0 ], [ 10.0462408, 36.6195939, 0.0 ], [ 10.0458858, 36.619597, 0.0 ], [ 10.0452983, 36.6199122, 0.0 ], [ 10.0446236, 36.6203475, 0.0 ], [ 10.0442706, 36.6204937, 0.0 ], [ 10.0439627, 36.6206826, 0.0 ], [ 10.0438721, 36.6205474, 0.0 ], [ 10.0436033, 36.6203566, 0.0 ], [ 10.0436538, 36.6201343, 0.0 ], [ 10.0437197, 36.6199732, 0.0 ], [ 10.0437203, 36.6198189, 0.0 ], [ 10.0434236, 36.6195425, 0.0 ], [ 10.0435932, 36.6189543, 0.0 ], [ 10.0438564, 36.6187301, 0.0 ], [ 10.0442024, 36.6187128, 0.0 ], [ 10.0445755, 36.6186794, 0.0 ], [ 10.044804, 36.6185644, 0.0 ], [ 10.0453287, 36.6179803, 0.0 ], [ 10.0456303, 36.6179704, 0.0 ], [ 10.0460099, 36.6178097, 0.0 ], [ 10.0463265, 36.6175923, 0.0 ], [ 10.046484, 36.6174263, 0.0 ], [ 10.0465428, 36.6171825, 0.0 ], [ 10.0467269, 36.6170091, 0.0 ], [ 10.0470004, 36.6168851, 0.0 ], [ 10.0473405, 36.6164313, 0.0 ], [ 10.0474996, 36.6163942, 0.0 ], [ 10.0475945, 36.6162197, 0.0 ], [ 10.0477457, 36.6152806, 0.0 ], [ 10.0480698, 36.6147804, 0.0 ], [ 10.0482159, 36.6142066, 0.0 ], [ 10.0481287, 36.6138831, 0.0 ], [ 10.0477775, 36.6133041, 0.0 ], [ 10.0471382, 36.6124034, 0.0 ], [ 10.0468862, 36.6121481, 0.0 ], [ 10.0466075, 36.611664, 0.0 ], [ 10.0463732, 36.61096, 0.0 ], [ 10.0463386, 36.6101589, 0.0 ], [ 10.0464731, 36.6092791, 0.0 ], [ 10.0467235, 36.6094367, 0.0 ], [ 10.0467741, 36.6094688, 0.0 ], [ 10.0468231, 36.6095, 0.0 ], [ 10.0468939, 36.609545, 0.0 ], [ 10.0469338, 36.6095703, 0.0 ], [ 10.0470204, 36.6094145, 0.0 ], [ 10.0472402, 36.6092576, 0.0 ], [ 10.0474759, 36.609184, 0.0 ], [ 10.0475608, 36.6091008, 0.0 ], [ 10.0477094, 36.6089553, 0.0 ], [ 10.047988, 36.608774, 0.0 ], [ 10.0482525, 36.6086405, 0.0 ], [ 10.0484739, 36.6086028, 0.0 ], [ 10.0486346, 36.6084582, 0.0 ], [ 10.0490026, 36.6083238, 0.0 ], [ 10.0494447, 36.6082007, 0.0 ], [ 10.0498569, 36.6080539, 0.0 ], [ 10.0503292, 36.6079782, 0.0 ], [ 10.0510661, 36.6077809, 0.0 ], [ 10.0513024, 36.607755, 0.0 ], [ 10.0517852, 36.6073572, 0.0 ], [ 10.0520633, 36.6071401, 0.0 ], [ 10.0523272, 36.6069708, 0.0 ], [ 10.0526513, 36.6068725, 0.0 ], [ 10.0530477, 36.6066543, 0.0 ], [ 10.053076, 36.6065587, 0.0 ], [ 10.0532063, 36.6063548, 0.0 ], [ 10.0530698, 36.6061056, 0.0 ], [ 10.0530222, 36.6058675, 0.0 ], [ 10.0527534, 36.605679, 0.0 ], [ 10.0525304, 36.6055975, 0.0 ], [ 10.0524267, 36.6055865, 0.0 ], [ 10.0521904, 36.6056125, 0.0 ], [ 10.0520869, 36.6056134, 0.0 ], [ 10.0518794, 36.6055794, 0.0 ], [ 10.0517319, 36.6056165, 0.0 ], [ 10.0514963, 36.6056901, 0.0 ], [ 10.0513492, 36.6057511, 0.0 ], [ 10.0512461, 36.6057877, 0.0 ], [ 10.0511431, 36.6058244, 0.0 ], [ 10.0509798, 36.6057782, 0.0 ], [ 10.0509214, 36.6057321, 0.0 ], [ 10.0514999, 36.6051895, 0.0 ], [ 10.0522594, 36.6044768, 0.0 ] ] ] } },
{ "type": "Feature", "properties": { "OBJECTID": 1119, "ID": 0, "SUP": 6.222, "Shape_Leng": 0.016295071908799998, "Shape_Area": 6.2752714747599998e-06 }, "geometry": { "type": "Polygon", "coordinates": [ [ [ 10.205749, 36.6686702, 0.0 ], [ 10.2042795, 36.6693939, 0.0 ], [ 10.2040414, 36.6691245, 0.0 ], [ 10.2037551, 36.6688054, 0.0 ], [ 10.2042543, 36.668538, 0.0 ], [ 10.2043511, 36.6685787, 0.0 ], [ 10.2045001, 36.6686428, 0.0 ], [ 10.2046271, 36.6687131, 0.0 ], [ 10.2052289, 36.668385, 0.0 ], [ 10.2066677, 36.6676251, 0.0 ], [ 10.2067418, 36.6676303, 0.0 ], [ 10.2067936, 36.6676298, 0.0 ], [ 10.2074819, 36.6671577, 0.0 ], [ 10.2073453, 36.6669444, 0.0 ], [ 10.2073099, 36.6668857, 0.0 ], [ 10.2073097, 36.6668852, 0.0 ], [ 10.2073002, 36.6668647, 0.0 ], [ 10.2072937, 36.6668504, 0.0 ], [ 10.2072786, 36.6667113, 0.0 ], [ 10.207263, 36.6665109, 0.0 ], [ 10.2077862, 36.665986, 0.0 ], [ 10.2084887, 36.6652811, 0.0 ], [ 10.2085701, 36.6652803, 0.0 ], [ 10.2089481, 36.6657833, 0.0 ], [ 10.2092871, 36.6661674, 0.0 ], [ 10.2097742, 36.6667288, 0.0 ], [ 10.2081706, 36.668276, 0.0 ], [ 10.2080238, 36.668355, 0.0 ], [ 10.2076741, 36.6677622, 0.0 ], [ 10.2076224, 36.6677747, 0.0 ], [ 10.205749, 36.6686702, 0.0 ] ] ] } },
{ "type": "Feature", "properties": { "OBJECTID": 1120, "ID": 0, "SUP": 11.924, "Shape_Leng": 0.030444481629799999, "Shape_Area": 1.2023952194299999e-05 }, "geometry": { "type": "Polygon", "coordinates": [ [ [ 10.2156753, 36.659018, 0.0 ], [ 10.2121549, 36.6625647, 0.0 ], [ 10.2118572, 36.6628522, 0.0 ], [ 10.2092249, 36.6653953, 0.0 ], [ 10.2091194, 36.6652771, 0.0 ], [ 10.2086432, 36.6646439, 0.0 ], [ 10.2087968, 36.664529, 0.0 ], [ 10.2093225, 36.664067, 0.0 ], [ 10.2094831, 36.6639258, 0.0 ], [ 10.2098376, 36.6635978, 0.0 ], [ 10.210643, 36.6628526, 0.0 ], [ 10.2122117, 36.6614175, 0.0 ], [ 10.2136541, 36.6601097, 0.0 ], [ 10.2137149, 36.6600546, 0.0 ], [ 10.2152176, 36.6586678, 0.0 ], [ 10.2173042, 36.6567682, 0.0 ], [ 10.2187419, 36.6554894, 0.0 ], [ 10.2189618, 36.6555273, 0.0 ], [ 10.2190684, 36.6555457, 0.0 ], [ 10.2192243, 36.6555799, 0.0 ], [ 10.2192913, 36.655603, 0.0 ], [ 10.2193581, 36.6556599, 0.0 ], [ 10.2193813, 36.6556796, 0.0 ], [ 10.2194483, 36.6557087, 0.0 ], [ 10.2195374, 36.6557257, 0.0 ], [ 10.2196562, 36.6557484, 0.0 ], [ 10.2197899, 36.6557828, 0.0 ], [ 10.2191848, 36.6563614, 0.0 ], [ 10.2174362, 36.6581025, 0.0 ], [ 10.2161652, 36.6593584, 0.0 ], [ 10.2156753, 36.659018, 0.0 ] ] ] } },
{ "type": "Feature", "properties": { "OBJECTID": 1129, "ID": 0, "SUP": 6.072, "Shape_Leng": 0.010870039958799999, "Shape_Area": 6.1244877798799997e-06 }, "geometry": { "type": "Polygon", "coordinates": [ [ [ 10.2148885, 36.6834379, 0.0 ], [ 10.2147712, 36.6836253, 0.0 ], [ 10.2141316, 36.6843831, 0.0 ], [ 10.2135477, 36.6851157, 0.0 ], [ 10.2122109, 36.6848431, 0.0 ], [ 10.2124004, 36.6839774, 0.0 ], [ 10.2124332, 36.6837088, 0.0 ], [ 10.2124067, 36.6834347, 0.0 ], [ 10.2123373, 36.6832566, 0.0 ], [ 10.2121787, 36.6830614, 0.0 ], [ 10.2120364, 36.6829555, 0.0 ], [ 10.2117746, 36.6827793, 0.0 ], [ 10.2113561, 36.6825272, 0.0 ], [ 10.2112868, 36.6823609, 0.0 ], [ 10.2112562, 36.6822956, 0.0 ], [ 10.2112774, 36.6822298, 0.0 ], [ 10.2113502, 36.6821516, 0.0 ], [ 10.211401, 36.6820914, 0.0 ], [ 10.2115786, 36.6820837, 0.0 ], [ 10.2116909, 36.6820188, 0.0 ], [ 10.2120508, 36.6819516, 0.0 ], [ 10.2121096, 36.6819942, 0.0 ], [ 10.2125508, 36.6819357, 0.0 ], [ 10.2127617, 36.6819948, 0.0 ], [ 10.2128613, 36.6820801, 0.0 ], [ 10.2130789, 36.6821771, 0.0 ], [ 10.2142448, 36.6828807, 0.0 ], [ 10.2148885, 36.6834379, 0.0 ] ] ] } },
{ "type": "Feature", "properties": { "OBJECTID": 1130, "ID": 0, "SUP": 1.834, "Shape_Leng": 0.0056875710966799997, "Shape_Area": 1.84953582589e-06 }, "geometry": { "type": "Polygon", "coordinates": [ [ [ 10.2279966, 36.6770223, 0.0 ], [ 10.227068, 36.6775062, 0.0 ], [ 10.2265064, 36.676976, 0.0 ], [ 10.2264128, 36.6768875, 0.0 ], [ 10.2279061, 36.6757881, 0.0 ], [ 10.228661, 36.6765257, 0.0 ], [ 10.2279966, 36.6770223, 0.0 ] ] ] } },
{ "type": "Feature", "properties": { "OBJECTID": 1133, "ID": 0, "SUP": 2.593, "Shape_Leng": 0.0068585979734299999, "Shape_Area": 2.6148994912699999e-06 }, "geometry": { "type": "Polygon", "coordinates": [ [ [ 10.228947, 36.6763118, 0.0 ], [ 10.228661, 36.6765257, 0.0 ], [ 10.2279061, 36.6757881, 0.0 ], [ 10.2277705, 36.6756556, 0.0 ], [ 10.2296439, 36.6743983, 0.0 ], [ 10.2304473, 36.6751799, 0.0 ], [ 10.228947, 36.6763118, 0.0 ] ] ] } },
{ "type": "Feature", "properties": { "OBJECTID": 1135, "ID": 0, "SUP": 2.505, "Shape_Leng": 0.0069200894137399997, "Shape_Area": 2.5260826341100001e-06 }, "geometry": { "type": "Polygon", "coordinates": [ [ [ 10.2322056, 36.6738996, 0.0 ], [ 10.2312865, 36.6745685, 0.0 ], [ 10.2295797, 36.672945, 0.0 ], [ 10.2303993, 36.6723219, 0.0 ], [ 10.2322056, 36.6738996, 0.0 ] ] ] } },
{ "type": "Feature", "properties": { "OBJECTID": 1137, "ID": 0, "SUP": 17.022, "Shape_Leng": 0.032169384096899997, "Shape_Area": 1.71654676821e-05 }, "geometry": { "type": "Polygon", "coordinates": [ [ [ 10.2210064, 36.6562775, 0.0 ], [ 10.2212098, 36.6565345, 0.0 ], [ 10.2212369, 36.6565499, 0.0 ], [ 10.2212758, 36.6566023, 0.0 ], [ 10.2211632, 36.6567532, 0.0 ], [ 10.2206725, 36.6571732, 0.0 ], [ 10.2197926, 36.6582555, 0.0 ], [ 10.2190889, 36.659071, 0.0 ], [ 10.2189641, 36.6592156, 0.0 ], [ 10.2182821, 36.6598952, 0.0 ], [ 10.2177756, 36.6604442, 0.0 ], [ 10.2167043, 36.661523, 0.0 ], [ 10.2164118, 36.6618176, 0.0 ], [ 10.2162286, 36.662027, 0.0 ], [ 10.2155473, 36.6627566, 0.0 ], [ 10.2148737, 36.6634074, 0.0 ], [ 10.2143941, 36.6639685, 0.0 ], [ 10.2143679, 36.6639993, 0.0 ], [ 10.2141409, 36.664252, 0.0 ], [ 10.2135107, 36.664838, 0.0 ], [ 10.2129937, 36.6652869, 0.0 ], [ 10.2126704, 36.6656265, 0.0 ], [ 10.2124705, 36.6658558, 0.0 ], [ 10.2122865, 36.6660669, 0.0 ], [ 10.2118425, 36.6666367, 0.0 ], [ 10.2113537, 36.6671854, 0.0 ], [ 10.2110552, 36.6674103, 0.0 ], [ 10.2108526, 36.6675181, 0.0 ], [ 10.2102863, 36.6668733, 0.0 ], [ 10.2100417, 36.6665694, 0.0 ], [ 10.2101981, 36.6664195, 0.0 ], [ 10.2108835, 36.6657629, 0.0 ], [ 10.2109139, 36.6657338, 0.0 ], [ 10.2119885, 36.6646115, 0.0 ], [ 10.2128357, 36.6637265, 0.0 ], [ 10.2139411, 36.6626698, 0.0 ], [ 10.2146234, 36.6620174, 0.0 ], [ 10.2150346, 36.6615395, 0.0 ], [ 10.2165729, 36.6600651, 0.0 ], [ 10.2178077, 36.6587867, 0.0 ], [ 10.2186014, 36.6580917, 0.0 ], [ 10.2198171, 36.6568212, 0.0 ], [ 10.2205271, 36.6560733, 0.0 ], [ 10.2210064, 36.6562775, 0.0 ] ] ] } },
{ "type": "Feature", "properties": { "OBJECTID": 1200, "ID": 0, "SUP": 22.366, "Shape_Leng": 0.024980511448800001, "Shape_Area": 2.2565976408699999e-05 }, "geometry": { "type": "Polygon", "coordinates": [ [ [ 10.1862671, 36.698771, 0.0 ], [ 10.1851395, 36.6991173, 0.0 ], [ 10.1832436, 36.6996995, 0.0 ], [ 10.182558, 36.69991, 0.0 ], [ 10.1806485, 36.6985149, 0.0 ], [ 10.1800361, 36.6980675, 0.0 ], [ 10.1793185, 36.6974907, 0.0 ], [ 10.1774337, 36.6960552, 0.0 ], [ 10.1770461, 36.6957599, 0.0 ], [ 10.1769471, 36.6956845, 0.0 ], [ 10.176995, 36.6956191, 0.0 ], [ 10.1808086, 36.6943841, 0.0 ], [ 10.1808855, 36.6944942, 0.0 ], [ 10.1816617, 36.6956455, 0.0 ], [ 10.1813088, 36.6959792, 0.0 ], [ 10.1814696, 36.696316, 0.0 ], [ 10.1815421, 36.6966454, 0.0 ], [ 10.1814799, 36.6969887, 0.0 ], [ 10.1814514, 36.6971809, 0.0 ], [ 10.1820849, 36.6969796, 0.0 ], [ 10.1822153, 36.6969688, 0.0 ], [ 10.1823129, 36.6969607, 0.0 ], [ 10.1826964, 36.6967061, 0.0 ], [ 10.1830187, 36.697021, 0.0 ], [ 10.1846144, 36.6965373, 0.0 ], [ 10.1852034, 36.6963588, 0.0 ], [ 10.1856922, 36.6974287, 0.0 ], [ 10.1862671, 36.698771, 0.0 ] ] ] } },
{ "type": "Feature", "properties": { "OBJECTID": 1206, "ID": 0, "SUP": 9.797, "Shape_Leng": 0.013575664896, "Shape_Area": 9.8854083894399998e-06 }, "geometry": { "type": "Polygon", "coordinates": [ [ [ 10.1545825, 36.7068138, 0.0 ], [ 10.1542593, 36.7065927, 0.0 ], [ 10.1540726, 36.7067901, 0.0 ], [ 10.1536774, 36.7071703, 0.0 ], [ 10.1531597, 36.7076684, 0.0 ], [ 10.1522692, 36.7070308, 0.0 ], [ 10.1517843, 36.7066835, 0.0 ], [ 10.1517741, 36.7066732, 0.0 ], [ 10.1519418, 36.7059873, 0.0 ], [ 10.1517828, 36.7052542, 0.0 ], [ 10.1514014, 36.7044833, 0.0 ], [ 10.1514061, 36.7044791, 0.0 ], [ 10.1524994, 36.7034787, 0.0 ], [ 10.1525035, 36.7034816, 0.0 ], [ 10.1553881, 36.7054876, 0.0 ], [ 10.1559722, 36.7058863, 0.0 ], [ 10.1553337, 36.7065461, 0.0 ], [ 10.1553304, 36.7065495, 0.0 ], [ 10.1551008, 36.7063635, 0.0 ], [ 10.155097, 36.7063604, 0.0 ], [ 10.1545825, 36.7068138, 0.0 ] ] ] } },
{ "type": "Feature", "properties": { "OBJECTID": 1252, "ID": 0, "SUP": 5.169, "Shape_Leng": 0.0102722111304, "Shape_Area": 5.2127670825100003e-06 }, "geometry": { "type": "Polygon", "coordinates": [ [ [ 10.2188502, 36.6677578, 0.0 ], [ 10.2157003, 36.6699496, 0.0 ], [ 10.214816, 36.6688679, 0.0 ], [ 10.215387, 36.6684638, 0.0 ], [ 10.2163866, 36.6677563, 0.0 ], [ 10.2177273, 36.6668075, 0.0 ], [ 10.2188502, 36.6677578, 0.0 ] ] ] } },
{ "type": "Feature", "properties": { "OBJECTID": 1310, "ID": 0, "SUP": 15.138, "Shape_Leng": 0.0199126749053, "Shape_Area": 1.52711222816e-05 }, "geometry": { "type": "Polygon", "coordinates": [ [ [ 10.1805003, 36.6902559, 0.0 ], [ 10.1787317, 36.6903199, 0.0 ], [ 10.1782953, 36.6903357, 0.0 ], [ 10.1766789, 36.6903949, 0.0 ], [ 10.1761037, 36.6904252, 0.0 ], [ 10.1761806, 36.690229, 0.0 ], [ 10.1761865, 36.6901276, 0.0 ], [ 10.1761844, 36.6899905, 0.0 ], [ 10.1762344, 36.6898707, 0.0 ], [ 10.1763701, 36.6895414, 0.0 ], [ 10.1764199, 36.6894098, 0.0 ], [ 10.17641, 36.6892489, 0.0 ], [ 10.1763629, 36.6890704, 0.0 ], [ 10.1762639, 36.6888925, 0.0 ], [ 10.1761737, 36.688798, 0.0 ], [ 10.1744498, 36.6887797, 0.0 ], [ 10.1745351, 36.6886413, 0.0 ], [ 10.1746129, 36.6885131, 0.0 ], [ 10.174975, 36.6879168, 0.0 ], [ 10.1761305, 36.68791, 0.0 ], [ 10.1762783, 36.687921, 0.0 ], [ 10.1782538, 36.6878304, 0.0 ], [ 10.1788914, 36.6877839, 0.0 ], [ 10.1788914, 36.6877839, 0.0 ], [ 10.1788914, 36.6877839, 0.0 ], [ 10.1798153, 36.6877546, 0.0 ], [ 10.1811482, 36.687691, 0.0 ], [ 10.1814107, 36.6876856, 0.0 ], [ 10.1814193, 36.6877038, 0.0 ], [ 10.182358, 36.6899174, 0.0 ], [ 10.1821726, 36.6899201, 0.0 ], [ 10.1811367, 36.6899355, 0.0 ], [ 10.1811265, 36.6902434, 0.0 ], [ 10.1810352, 36.6902465, 0.0 ], [ 10.1805003, 36.6902559, 0.0 ] ] ] } },
{ "type": "Feature", "properties": { "OBJECTID": 1322, "ID": 0, "SUP": 5.134, "Shape_Leng": 0.0149375240234, "Shape_Area": 5.1777303024400002e-06 }, "geometry": { "type": "Polygon", "coordinates": [ [ [ 10.2062352, 36.6695122, 0.0 ], [ 10.20615, 36.6695504, 0.0 ], [ 10.2049667, 36.6700871, 0.0 ], [ 10.2049529, 36.6700736, 0.0 ], [ 10.2044331, 36.6695677, 0.0 ], [ 10.2042795, 36.6693939, 0.0 ], [ 10.205749, 36.6686702, 0.0 ], [ 10.2076224, 36.6677747, 0.0 ], [ 10.2076741, 36.6677622, 0.0 ], [ 10.2080238, 36.668355, 0.0 ], [ 10.2081706, 36.668276, 0.0 ], [ 10.2097742, 36.6667288, 0.0 ], [ 10.2097846, 36.6667408, 0.0 ], [ 10.2101393, 36.6671784, 0.0 ], [ 10.2101256, 36.6672501, 0.0 ], [ 10.2092549, 36.6680859, 0.0 ], [ 10.208648, 36.6686684, 0.0 ], [ 10.2082735, 36.6690279, 0.0 ], [ 10.2081784, 36.6691005, 0.0 ], [ 10.2081488, 36.6691008, 0.0 ], [ 10.2081114, 36.6690773, 0.0 ], [ 10.2080665, 36.6690479, 0.0 ], [ 10.2079875, 36.6687267, 0.0 ], [ 10.2062352, 36.6695122, 0.0 ] ] ] } },
{ "type": "Feature", "properties": { "OBJECTID": 1323, "ID": 0, "SUP": 7.75, "Shape_Leng": 0.019436740828799998, "Shape_Area": 7.8187227523200003e-06 }, "geometry": { "type": "Polygon", "coordinates": [ [ [ 10.1755438, 36.6920434, 0.0 ], [ 10.1763151, 36.6936215, 0.0 ], [ 10.1751835, 36.6939952, 0.0 ], [ 10.1751497, 36.6940115, 0.0 ], [ 10.1751198, 36.6940323, 0.0 ], [ 10.1751406, 36.6935618, 0.0 ], [ 10.1751415, 36.6935402, 0.0 ], [ 10.1753516, 36.6929961, 0.0 ], [ 10.1753548, 36.6929931, 0.0 ], [ 10.1754286, 36.6929224, 0.0 ], [ 10.1751626, 36.692572, 0.0 ], [ 10.1749699, 36.6923641, 0.0 ], [ 10.1746418, 36.6920594, 0.0 ], [ 10.1743647, 36.6918091, 0.0 ], [ 10.174201, 36.6916163, 0.0 ], [ 10.1741098, 36.691603, 0.0 ], [ 10.1742992, 36.690524, 0.0 ], [ 10.1736979, 36.6905604, 0.0 ], [ 10.1733169, 36.6905443, 0.0 ], [ 10.1729526, 36.6904095, 0.0 ], [ 10.1721973, 36.6900047, 0.0 ], [ 10.1720648, 36.6899337, 0.0 ], [ 10.1720648, 36.6899337, 0.0 ], [ 10.1722963, 36.6896584, 0.0 ], [ 10.1725773, 36.6897645, 0.0 ], [ 10.1727168, 36.6895247, 0.0 ], [ 10.1736936, 36.6898894, 0.0 ], [ 10.1738497, 36.6896711, 0.0 ], [ 10.1738497, 36.6896711, 0.0 ], [ 10.1740608, 36.6893759, 0.0 ], [ 10.1740608, 36.6893759, 0.0 ], [ 10.1742172, 36.6891572, 0.0 ], [ 10.1744273, 36.6888161, 0.0 ], [ 10.1744273, 36.6888161, 0.0 ], [ 10.1744498, 36.6887797, 0.0 ], [ 10.1744498, 36.6887797, 0.0 ], [ 10.1761737, 36.688798, 0.0 ], [ 10.1762639, 36.6888925, 0.0 ], [ 10.1763629, 36.6890704, 0.0 ], [ 10.17641, 36.6892489, 0.0 ], [ 10.1764199, 36.6894098, 0.0 ], [ 10.1763701, 36.6895414, 0.0 ], [ 10.1762344, 36.6898707, 0.0 ], [ 10.1761844, 36.6899905, 0.0 ], [ 10.1761865, 36.6901276, 0.0 ], [ 10.1761806, 36.690229, 0.0 ], [ 10.1761037, 36.6904252, 0.0 ], [ 10.1747715, 36.6904954, 0.0 ], [ 10.1751698, 36.6912994, 0.0 ], [ 10.1753801, 36.691724, 0.0 ], [ 10.1755438, 36.6920434, 0.0 ] ] ] } },
{ "type": "Feature", "properties": { "OBJECTID": 1326, "ID": 0, "SUP": 23.12, "Shape_Leng": 0.0205762907739, "Shape_Area": 2.3316016460199999e-05 }, "geometry": { "type": "Polygon", "coordinates": [ [ [ 10.2206475, 36.6673297, 0.0 ], [ 10.2203785, 36.6676366, 0.0 ], [ 10.2196605, 36.6684435, 0.0 ], [ 10.2188502, 36.6677578, 0.0 ], [ 10.2177273, 36.6668075, 0.0 ], [ 10.2143941, 36.6639685, 0.0 ], [ 10.2148737, 36.6634074, 0.0 ], [ 10.2155473, 36.6627566, 0.0 ], [ 10.2162286, 36.662027, 0.0 ], [ 10.2164118, 36.6618176, 0.0 ], [ 10.2167043, 36.661523, 0.0 ], [ 10.2173665, 36.6620765, 0.0 ], [ 10.2219806, 36.6659325, 0.0 ], [ 10.2218318, 36.6660501, 0.0 ], [ 10.2214051, 36.6664898, 0.0 ], [ 10.2211313, 36.6668096, 0.0 ], [ 10.2209807, 36.6669854, 0.0 ], [ 10.2207121, 36.6672763, 0.0 ], [ 10.2206475, 36.6673297, 0.0 ] ] ] } },
{ "type": "Feature", "properties": { "OBJECTID": 1327, "ID": 0, "SUP": 2.859, "Shape_Leng": 0.011243646894599999, "Shape_Area": 2.88352215733e-06 }, "geometry": { "type": "Polygon", "coordinates": [ [ [ 10.2161652, 36.6593584, 0.0 ], [ 10.2153812, 36.660133, 0.0 ], [ 10.2125624, 36.6629512, 0.0 ], [ 10.2123576, 36.6627569, 0.0 ], [ 10.2121549, 36.6625647, 0.0 ], [ 10.2156753, 36.659018, 0.0 ], [ 10.2161652, 36.6593584, 0.0 ] ] ] } },
{ "type": "Feature", "properties": { "OBJECTID": 1328, "ID": 0, "SUP": 4.708, "Shape_Leng": 0.0087801842898300002, "Shape_Area": 4.7487890502199999e-06 }, "geometry": { "type": "Polygon", "coordinates": [ [ [ 10.2147995, 36.6728633, 0.0 ], [ 10.213472, 36.6739364, 0.0 ], [ 10.2124878, 36.6730397, 0.0 ], [ 10.2117885, 36.6724026, 0.0 ], [ 10.2131471, 36.670768, 0.0 ], [ 10.2133131, 36.670968, 0.0 ], [ 10.2140917, 36.6719046, 0.0 ], [ 10.2145179, 36.6724655, 0.0 ], [ 10.2146454, 36.6726646, 0.0 ], [ 10.2147995, 36.6728633, 0.0 ] ] ] } },
{ "type": "Feature", "properties": { "OBJECTID": 1334, "ID": 0, "SUP": 2.558, "Shape_Leng": 0.0065266700051500003, "Shape_Area": 2.5800143993299999e-06 }, "geometry": { "type": "Polygon", "coordinates": [ [ [ 10.213472, 36.6739364, 0.0 ], [ 10.21237, 36.6748272, 0.0 ], [ 10.2118449, 36.6752151, 0.0 ], [ 10.2118441, 36.675215, 0.0 ], [ 10.21184, 36.6752091, 0.0 ], [ 10.2110929, 36.6741351, 0.0 ], [ 10.2110725, 36.6741002, 0.0 ], [ 10.2117653, 36.6735811, 0.0 ], [ 10.2124878, 36.6730397, 0.0 ], [ 10.213472, 36.6739364, 0.0 ] ] ] } },
{ "type": "Feature", "properties": { "OBJECTID": 1341, "ID": 0, "SUP": 2.344, "Shape_Leng": 0.0067322459810100002, "Shape_Area": 2.36430547941e-06 }, "geometry": { "type": "Polygon", "coordinates": [ [ [ 10.2312865, 36.6745685, 0.0 ], [ 10.2304712, 36.6751619, 0.0 ], [ 10.2304473, 36.6751799, 0.0 ], [ 10.2296439, 36.6743983, 0.0 ], [ 10.2287771, 36.6735551, 0.0 ], [ 10.2295797, 36.672945, 0.0 ], [ 10.2312865, 36.6745685, 0.0 ] ] ] } },
{ "type": "Feature", "properties": { "OBJECTID": 1343, "ID": 0, "SUP": 2.416, "Shape_Leng": 0.0063821290515300002, "Shape_Area": 2.4370913049000002e-06 }, "geometry": { "type": "Polygon", "coordinates": [ [ [ 10.2279061, 36.6757881, 0.0 ], [ 10.2264128, 36.6768875, 0.0 ], [ 10.2261608, 36.6766496, 0.0 ], [ 10.2254311, 36.6759211, 0.0 ], [ 10.226988, 36.6748913, 0.0 ], [ 10.2277705, 36.6756556, 0.0 ], [ 10.2279061, 36.6757881, 0.0 ] ] ] } },
{ "type": "Feature", "properties": { "OBJECTID": 1344, "ID": 0, "SUP": 2.52, "Shape_Leng": 0.0067923243284399998, "Shape_Area": 2.54127445675e-06 }, "geometry": { "type": "Polygon", "coordinates": [ [ [ 10.2296439, 36.6743983, 0.0 ], [ 10.2277705, 36.6756556, 0.0 ], [ 10.226988, 36.6748913, 0.0 ], [ 10.2287771, 36.6735551, 0.0 ], [ 10.2296439, 36.6743983, 0.0 ] ] ] } },
{ "type": "Feature", "properties": { "OBJECTID": 1345, "ID": 0, "SUP": 2.606, "Shape_Leng": 0.0068520241593699998, "Shape_Area": 2.6283916727099999e-06 }, "geometry": { "type": "Polygon", "coordinates": [ [ [ 10.2131471, 36.670768, 0.0 ], [ 10.2117885, 36.6724026, 0.0 ], [ 10.2110204, 36.6717028, 0.0 ], [ 10.2110005, 36.6716889, 0.0 ], [ 10.2110495, 36.6716183, 0.0 ], [ 10.212212, 36.6698511, 0.0 ], [ 10.2123002, 36.6697477, 0.0 ], [ 10.2131471, 36.670768, 0.0 ] ] ] } },
{ "type": "Feature", "properties": { "OBJECTID": 1356, "ID": 0, "SUP": 8.942, "Shape_Leng": 0.0124173416657, "Shape_Area": 9.0200846247700008e-06 }, "geometry": { "type": "Polygon", "coordinates": [ [ [ 10.1789493, 36.6871716, 0.0 ], [ 10.1788721, 36.6873937, 0.0 ], [ 10.1766799, 36.6874276, 0.0 ], [ 10.1752713, 36.6874057, 0.0 ], [ 10.175314, 36.6873347, 0.0 ], [ 10.175314, 36.6873347, 0.0 ], [ 10.1753357, 36.6872986, 0.0 ], [ 10.1757603, 36.6866088, 0.0 ], [ 10.1760155, 36.6861939, 0.0 ], [ 10.1762863, 36.68575, 0.0 ], [ 10.17629, 36.685744, 0.0 ], [ 10.1764002, 36.6855564, 0.0 ], [ 10.176442, 36.6854817, 0.0 ], [ 10.1767442, 36.6849405, 0.0 ], [ 10.1771325, 36.6841914, 0.0 ], [ 10.1773403, 36.6838931, 0.0 ], [ 10.1777158, 36.6841919, 0.0 ], [ 10.1782029, 36.6844963, 0.0 ], [ 10.1794622, 36.6854199, 0.0 ], [ 10.1794078, 36.6855959, 0.0 ], [ 10.1793361, 36.685828, 0.0 ], [ 10.1793465, 36.6863361, 0.0 ], [ 10.179259, 36.6867256, 0.0 ], [ 10.1791587, 36.6869523, 0.0 ], [ 10.1789493, 36.6871716, 0.0 ] ] ] } },
{ "type": "Feature", "properties": { "OBJECTID": 1413, "ID": 0, "SUP": 1.348, "Shape_Leng": 0.0047687893744000004, "Shape_Area": 1.3597901617499999e-06 }, "geometry": { "type": "Polygon", "coordinates": [ [ [ 10.1540284, 36.7080916, 0.0 ], [ 10.1538801, 36.7081937, 0.0 ], [ 10.1531597, 36.7076684, 0.0 ], [ 10.1536774, 36.7071703, 0.0 ], [ 10.1540726, 36.7067901, 0.0 ], [ 10.1542593, 36.7065927, 0.0 ], [ 10.1545825, 36.7068138, 0.0 ], [ 10.1547754, 36.7070409, 0.0 ], [ 10.1549143, 36.707216, 0.0 ], [ 10.1545647, 36.7075616, 0.0 ], [ 10.1540284, 36.7080916, 0.0 ] ] ] } },
{ "type": "Feature", "properties": { "OBJECTID": 2318, "ID": 0, "SUP": 48.06, "Shape_Leng": 0.032704534581199998, "Shape_Area": 4.8497885754100003e-05 }, "geometry": { "type": "Polygon", "coordinates": [ [ [ 10.3126254, 36.7178425, 0.0 ], [ 10.3125918, 36.7179423, 0.0 ], [ 10.3125133, 36.7179929, 0.0 ], [ 10.3124218, 36.7179913, 0.0 ], [ 10.3122662, 36.7179885, 0.0 ], [ 10.3122664, 36.7179928, 0.0 ], [ 10.3118604, 36.7179791, 0.0 ], [ 10.3115882, 36.7181296, 0.0 ], [ 10.3110808, 36.7182171, 0.0 ], [ 10.310859, 36.7183425, 0.0 ], [ 10.3106365, 36.7184268, 0.0 ], [ 10.3103629, 36.7186001, 0.0 ], [ 10.3102941, 36.7186437, 0.0 ], [ 10.3099205, 36.7188198, 0.0 ], [ 10.3096982, 36.7189124, 0.0 ], [ 10.309598, 36.7190037, 0.0 ], [ 10.3094075, 36.7191778, 0.0 ], [ 10.3093249, 36.7191815, 0.0 ], [ 10.3089194, 36.7191996, 0.0 ], [ 10.3086761, 36.7192596, 0.0 ], [ 10.308467, 36.7195323, 0.0 ], [ 10.3084412, 36.7198112, 0.0 ], [ 10.3084638, 36.719942, 0.0 ], [ 10.3083454, 36.7201646, 0.0 ], [ 10.3081541, 36.7202896, 0.0 ], [ 10.3080834, 36.7203231, 0.0 ], [ 10.3079538, 36.7204803, 0.0 ], [ 10.3077753, 36.7207608, 0.0 ], [ 10.3076111, 36.7212788, 0.0 ], [ 10.3075361, 36.7216566, 0.0 ], [ 10.3075079, 36.7217962, 0.0 ], [ 10.3074075, 36.7218792, 0.0 ], [ 10.3071439, 36.7219395, 0.0 ], [ 10.3066833, 36.7217888, 0.0 ], [ 10.3062933, 36.7215965, 0.0 ], [ 10.3048403, 36.7211454, 0.0 ], [ 10.3036409, 36.7206423, 0.0 ], [ 10.3035152, 36.7204306, 0.0 ], [ 10.3034728, 36.7203328, 0.0 ], [ 10.3033785, 36.7195718, 0.0 ], [ 10.3031199, 36.7187224, 0.0 ], [ 10.3030647, 36.718469, 0.0 ], [ 10.3018956, 36.7173429, 0.0 ], [ 10.3016769, 36.7170503, 0.0 ], [ 10.3017363, 36.7169513, 0.0 ], [ 10.301917, 36.7168018, 0.0 ], [ 10.3030504, 36.7164125, 0.0 ], [ 10.3033724, 36.7161959, 0.0 ], [ 10.3038175, 36.7160354, 0.0 ], [ 10.3042418, 36.7158505, 0.0 ], [ 10.304556, 36.7157733, 0.0 ], [ 10.304858, 36.7155733, 0.0 ], [ 10.3051609, 36.7154307, 0.0 ], [ 10.3056909, 36.715474, 0.0 ], [ 10.3057737, 36.7155551, 0.0 ], [ 10.3059676, 36.7155857, 0.0 ], [ 10.3061811, 36.7155752, 0.0 ], [ 10.306332, 36.715467, 0.0 ], [ 10.3065659, 36.7154563, 0.0 ], [ 10.3067389, 36.7154544, 0.0 ], [ 10.3068211, 36.7155026, 0.0 ], [ 10.3068844, 36.715633, 0.0 ], [ 10.3070171, 36.7156561, 0.0 ], [ 10.3072305, 36.7156374, 0.0 ], [ 10.3073512, 36.7155541, 0.0 ], [ 10.3076714, 36.7152311, 0.0 ], [ 10.3077297, 36.7150665, 0.0 ], [ 10.3079253, 36.7151955, 0.0 ], [ 10.3081395, 36.7152259, 0.0 ], [ 10.3087287, 36.7151621, 0.0 ], [ 10.3094771, 36.7148835, 0.0 ], [ 10.3101289, 36.7149091, 0.0 ], [ 10.3106682, 36.7149031, 0.0 ], [ 10.3109023, 36.7149005, 0.0 ], [ 10.3110775, 36.7150297, 0.0 ], [ 10.3114352, 36.7151159, 0.0 ], [ 10.3118311, 36.7150542, 0.0 ], [ 10.3118542, 36.7151301, 0.0 ], [ 10.3118475, 36.7151591, 0.0 ], [ 10.3119281, 36.7152362, 0.0 ], [ 10.311988, 36.7153065, 0.0 ], [ 10.3119973, 36.7153024, 0.0 ], [ 10.3120089, 36.7153136, 0.0 ], [ 10.3121948, 36.715347, 0.0 ], [ 10.3123891, 36.7153591, 0.0 ], [ 10.3125564, 36.7153431, 0.0 ], [ 10.3127751, 36.7152341, 0.0 ], [ 10.3133546, 36.7151302, 0.0 ], [ 10.3134084, 36.7151206, 0.0 ], [ 10.3134211, 36.7151318, 0.0 ], [ 10.3135232, 36.7152225, 0.0 ], [ 10.3135428, 36.7152398, 0.0 ], [ 10.3136084, 36.7154664, 0.0 ], [ 10.3136639, 36.715615, 0.0 ], [ 10.313669, 36.7156404, 0.0 ], [ 10.3137699, 36.7161394, 0.0 ], [ 10.3138457, 36.7164511, 0.0 ], [ 10.3139377, 36.7166703, 0.0 ], [ 10.314032, 36.7170244, 0.0 ], [ 10.3141668, 36.7173106, 0.0 ], [ 10.3141784, 36.7173353, 0.0 ], [ 10.3141659, 36.7173551, 0.0 ], [ 10.3140925, 36.7174712, 0.0 ], [ 10.3140734, 36.7174726, 0.0 ], [ 10.3140534, 36.7174741, 0.0 ], [ 10.3138722, 36.7174878, 0.0 ], [ 10.3138111, 36.7175144, 0.0 ], [ 10.3134884, 36.7176359, 0.0 ], [ 10.3132297, 36.7177008, 0.0 ], [ 10.3128642, 36.7177476, 0.0 ], [ 10.3127123, 36.7177634, 0.0 ], [ 10.3127077, 36.7177676, 0.0 ], [ 10.3126471, 36.7178228, 0.0 ], [ 10.3126254, 36.7178425, 0.0 ] ] ] } },
{ "type": "Feature", "properties": { "OBJECTID": 2384, "ID": 0, "SUP": 2.534, "Shape_Leng": 0.0073335789161300003, "Shape_Area": 2.55464337131e-06 }, "geometry": { "type": "Polygon", "coordinates": [ [ [ 10.1284493, 36.6387068, 0.0 ], [ 10.1282013, 36.6387257, 0.0 ], [ 10.127954, 36.6387502, 0.0 ], [ 10.1277077, 36.6387805, 0.0 ], [ 10.1278744, 36.6385404, 0.0 ], [ 10.1279742, 36.6382831, 0.0 ], [ 10.127979, 36.6381041, 0.0 ], [ 10.1279026, 36.6379379, 0.0 ], [ 10.1278421, 36.637849, 0.0 ], [ 10.1277438, 36.6377009, 0.0 ], [ 10.1276583, 36.6376123, 0.0 ], [ 10.127336, 36.6372783, 0.0 ], [ 10.1272705, 36.6372104, 0.0 ], [ 10.1280289, 36.6364519, 0.0 ], [ 10.1280289, 36.6364519, 0.0 ], [ 10.1280289, 36.6364519, 0.0 ], [ 10.1283507, 36.6361984, 0.0 ], [ 10.1285556, 36.6360415, 0.0 ], [ 10.128807, 36.6370468, 0.0 ], [ 10.1288312, 36.6372116, 0.0 ], [ 10.1288475, 36.6373769, 0.0 ], [ 10.1288561, 36.6375427, 0.0 ], [ 10.1288568, 36.6377086, 0.0 ], [ 10.1288498, 36.6378744, 0.0 ], [ 10.1288349, 36.6380399, 0.0 ], [ 10.1288122, 36.6382048, 0.0 ], [ 10.1287818, 36.6383688, 0.0 ], [ 10.1287437, 36.6385319, 0.0 ], [ 10.1286979, 36.6386936, 0.0 ], [ 10.1284493, 36.6387068, 0.0 ] ] ] } },
{ "type": "Feature", "properties": { "OBJECTID": 2394, "ID": 0, "SUP": 68.945, "Shape_Leng": 0.044645934923699997, "Shape_Area": 6.950092163e-05 }, "geometry": { "type": "Polygon", "coordinates": [ [ [ 10.1272153, 36.6348558, 0.0 ], [ 10.1261246, 36.6359152, 0.0 ], [ 10.1252245, 36.6343163, 0.0 ], [ 10.1246108, 36.6330615, 0.0 ], [ 10.1241085, 36.6320342, 0.0 ], [ 10.1233892, 36.6305633, 0.0 ], [ 10.1232487, 36.6303041, 0.0 ], [ 10.1228541, 36.629469, 0.0 ], [ 10.1226749, 36.6291025, 0.0 ], [ 10.1224562, 36.6290304, 0.0 ], [ 10.121143, 36.6296843, 0.0 ], [ 10.1199748, 36.6303119, 0.0 ], [ 10.1199364, 36.6303427, 0.0 ], [ 10.1198809, 36.630387, 0.0 ], [ 10.1197966, 36.6305989, 0.0 ], [ 10.1197189, 36.6309526, 0.0 ], [ 10.1196897, 36.6309581, 0.0 ], [ 10.1195253, 36.6305456, 0.0 ], [ 10.1190164, 36.6302581, 0.0 ], [ 10.1187197, 36.6300905, 0.0 ], [ 10.1184915, 36.6298637, 0.0 ], [ 10.1182434, 36.6298946, 0.0 ], [ 10.1184287, 36.6300169, 0.0 ], [ 10.1184183, 36.6301172, 0.0 ], [ 10.1183581, 36.6301229, 0.0 ], [ 10.118306, 36.6301278, 0.0 ], [ 10.1179372, 36.6300024, 0.0 ], [ 10.1177184, 36.6298888, 0.0 ], [ 10.1175745, 36.6298141, 0.0 ], [ 10.1172336, 36.629637, 0.0 ], [ 10.116737, 36.6292695, 0.0 ], [ 10.1160547, 36.6287369, 0.0 ], [ 10.1159411, 36.6286234, 0.0 ], [ 10.1155211, 36.6282034, 0.0 ], [ 10.1153221, 36.6280044, 0.0 ], [ 10.1151699, 36.6277148, 0.0 ], [ 10.1151918, 36.6276892, 0.0 ], [ 10.1152805, 36.627585, 0.0 ], [ 10.1153085, 36.6275165, 0.0 ], [ 10.1156146, 36.6274695, 0.0 ], [ 10.1183782, 36.626181, 0.0 ], [ 10.1203968, 36.6251067, 0.0 ], [ 10.1235786, 36.6236445, 0.0 ], [ 10.1250341, 36.6229555, 0.0 ], [ 10.1250938, 36.6229404, 0.0 ], [ 10.125152, 36.6229257, 0.0 ], [ 10.1252589, 36.6229533, 0.0 ], [ 10.1253078, 36.6230578, 0.0 ], [ 10.1255562, 36.6238664, 0.0 ], [ 10.1259162, 36.6252276, 0.0 ], [ 10.1264061, 36.6271692, 0.0 ], [ 10.1272696, 36.6303809, 0.0 ], [ 10.1284015, 36.6349495, 0.0 ], [ 10.1284627, 36.6352994, 0.0 ], [ 10.1280322, 36.6351463, 0.0 ], [ 10.1272153, 36.6348558, 0.0 ] ] ] } },
{ "type": "Feature", "properties": { "OBJECTID": 2399, "ID": 0, "SUP": 96.607, "Shape_Leng": 0.049258877331500001, "Shape_Area": 9.7420925773600005e-05 }, "geometry": { "type": "Polygon", "coordinates": [ [ [ 10.1181559, 36.653361, 0.0 ], [ 10.119121, 36.6533366, 0.0 ], [ 10.1228434, 36.6528341, 0.0 ], [ 10.1255138, 36.6524559, 0.0 ], [ 10.127582, 36.6521883, 0.0 ], [ 10.1288703, 36.652033, 0.0 ], [ 10.1291775, 36.6519919, 0.0 ], [ 10.1297685, 36.6519195, 0.0 ], [ 10.1305014, 36.6518362, 0.0 ], [ 10.1312813, 36.6517334, 0.0 ], [ 10.1330184, 36.6514975, 0.0 ], [ 10.1341627, 36.6513401, 0.0 ], [ 10.1341391, 36.6514422, 0.0 ], [ 10.1335628, 36.6519549, 0.0 ], [ 10.1333633, 36.6520741, 0.0 ], [ 10.1330577, 36.6522261, 0.0 ], [ 10.1326003, 36.6524659, 0.0 ], [ 10.1322074, 36.6526743, 0.0 ], [ 10.1319789, 36.6528339, 0.0 ], [ 10.1317505, 36.6530078, 0.0 ], [ 10.1314787, 36.6532429, 0.0 ], [ 10.1311985, 36.6535175, 0.0 ], [ 10.1309572, 36.653713, 0.0 ], [ 10.1305577, 36.6540209, 0.0 ], [ 10.1300665, 36.6544406, 0.0 ], [ 10.1296685, 36.6548402, 0.0 ], [ 10.1292532, 36.6552998, 0.0 ], [ 10.1285892, 36.6560431, 0.0 ], [ 10.1282269, 36.6564638, 0.0 ], [ 10.1279027, 36.656802, 0.0 ], [ 10.127072, 36.6576603, 0.0 ], [ 10.1268867, 36.6579433, 0.0 ], [ 10.1266828, 36.6581659, 0.0 ], [ 10.1259299, 36.658816, 0.0 ], [ 10.1258029, 36.6589352, 0.0 ], [ 10.1247707, 36.6598455, 0.0 ], [ 10.1241097, 36.6603666, 0.0 ], [ 10.1236939, 36.6607819, 0.0 ], [ 10.1235305, 36.6609858, 0.0 ], [ 10.1232812, 36.6614119, 0.0 ], [ 10.1229905, 36.6620963, 0.0 ], [ 10.1228804, 36.6623518, 0.0 ], [ 10.122736, 36.6627136, 0.0 ], [ 10.1224699, 36.6627376, 0.0 ], [ 10.1218844, 36.662786, 0.0 ], [ 10.1212654, 36.6628244, 0.0 ], [ 10.1208282, 36.6628317, 0.0 ], [ 10.1200889, 36.6626813, 0.0 ], [ 10.1193178, 36.6624353, 0.0 ], [ 10.1189993, 36.6623338, 0.0 ], [ 10.1189557, 36.6623199, 0.0 ], [ 10.1184467, 36.6621314, 0.0 ], [ 10.1179812, 36.6618782, 0.0 ], [ 10.1174963, 36.6615107, 0.0 ], [ 10.1174554, 36.6614764, 0.0 ], [ 10.1170738, 36.6611569, 0.0 ], [ 10.1166315, 36.6606602, 0.0 ], [ 10.1161878, 36.6600705, 0.0 ], [ 10.1160249, 36.6598645, 0.0 ], [ 10.1159323, 36.6596006, 0.0 ], [ 10.1159223, 36.6595556, 0.0 ], [ 10.1158848, 36.6593864, 0.0 ], [ 10.1159095, 36.6592502, 0.0 ], [ 10.1159601, 36.6590637, 0.0 ], [ 10.1160213, 36.6589987, 0.0 ], [ 10.1173008, 36.6596593, 0.0 ], [ 10.1174843, 36.6597554, 0.0 ], [ 10.1181559, 36.653361, 0.0 ] ] ] } },
{ "type": "Feature", "properties": { "OBJECTID": 2404, "ID": 0, "SUP": 68.612, "Shape_Leng": 0.037853738196199999, "Shape_Area": 6.9163812373900004e-05 }, "geometry": { "type": "Polygon", "coordinates": [ [ [ 10.103413, 36.6255463, 0.0 ], [ 10.1037785, 36.6267349, 0.0 ], [ 10.104028, 36.6276294, 0.0 ], [ 10.10426, 36.6289534, 0.0 ], [ 10.1045062, 36.6304489, 0.0 ], [ 10.1045345, 36.630773, 0.0 ], [ 10.1045621, 36.6308584, 0.0 ], [ 10.1045975, 36.6309419, 0.0 ], [ 10.1046407, 36.631023, 0.0 ], [ 10.1046913, 36.6311012, 0.0 ], [ 10.104749, 36.6311762, 0.0 ], [ 10.1048135, 36.6312475, 0.0 ], [ 10.1048729, 36.6313333, 0.0 ], [ 10.1049343, 36.6314181, 0.0 ], [ 10.1049824, 36.6314653, 0.0 ], [ 10.1052605, 36.6315962, 0.0 ], [ 10.105645, 36.6319933, 0.0 ], [ 10.1061478, 36.6323893, 0.0 ], [ 10.1064709, 36.6326344, 0.0 ], [ 10.106509, 36.6326778, 0.0 ], [ 10.1065412, 36.6327242, 0.0 ], [ 10.1065672, 36.632773, 0.0 ], [ 10.1065867, 36.6328238, 0.0 ], [ 10.1065994, 36.6328759, 0.0 ], [ 10.1066053, 36.6329289, 0.0 ], [ 10.1066251, 36.633482, 0.0 ], [ 10.106641, 36.6337681, 0.0 ], [ 10.1066798, 36.6339967, 0.0 ], [ 10.1067135, 36.6341002, 0.0 ], [ 10.1036882, 36.6324917, 0.0 ], [ 10.1035959, 36.6324421, 0.0 ], [ 10.0977175, 36.6292856, 0.0 ], [ 10.0965553, 36.6283034, 0.0 ], [ 10.0957418, 36.6275149, 0.0 ], [ 10.0950309, 36.6267038, 0.0 ], [ 10.0944714, 36.6260652, 0.0 ], [ 10.0940617, 36.6254658, 0.0 ], [ 10.0940397, 36.6249005, 0.0 ], [ 10.0940305, 36.6246669, 0.0 ], [ 10.0940273, 36.6245843, 0.0 ], [ 10.0992104, 36.6218128, 0.0 ], [ 10.0997828, 36.6220876, 0.0 ], [ 10.1008197, 36.6225932, 0.0 ], [ 10.1017847, 36.6230326, 0.0 ], [ 10.1021786, 36.6232675, 0.0 ], [ 10.1022775, 36.6233243, 0.0 ], [ 10.102371, 36.6233866, 0.0 ], [ 10.1024588, 36.6234542, 0.0 ], [ 10.1025404, 36.6235267, 0.0 ], [ 10.1026153, 36.6236037, 0.0 ], [ 10.1026832, 36.6236848, 0.0 ], [ 10.1027437, 36.6237697, 0.0 ], [ 10.1027966, 36.6238578, 0.0 ], [ 10.1028414, 36.6239487, 0.0 ], [ 10.1028781, 36.624042, 0.0 ], [ 10.1029064, 36.6241371, 0.0 ], [ 10.1029262, 36.6242337, 0.0 ], [ 10.1030849, 36.6245757, 0.0 ], [ 10.1033689, 36.6254031, 0.0 ], [ 10.103413, 36.6255463, 0.0 ] ] ] } },
{ "type": "Feature", "properties": { "OBJECTID": 2419, "ID": 0, "SUP": 15.349, "Shape_Leng": 0.0158284340447, "Shape_Area": 1.5479345100699999e-05 }, "geometry": { "type": "Polygon", "coordinates": [ [ [ 10.1113279, 36.6604407, 0.0 ], [ 10.1117783, 36.6609839, 0.0 ], [ 10.112648, 36.6620255, 0.0 ], [ 10.1139834, 36.663625, 0.0 ], [ 10.1130695, 36.6642112, 0.0 ], [ 10.1130581, 36.6642185, 0.0 ], [ 10.1130559, 36.6642166, 0.0 ], [ 10.1127733, 36.6644012, 0.0 ], [ 10.110732, 36.6657105, 0.0 ], [ 10.1106612, 36.6657533, 0.0 ], [ 10.1099415, 36.6650079, 0.0 ], [ 10.1098759, 36.6649396, 0.0 ], [ 10.1086564, 36.6636683, 0.0 ], [ 10.1081895, 36.6631816, 0.0 ], [ 10.1082716, 36.6631216, 0.0 ], [ 10.1089474, 36.6625572, 0.0 ], [ 10.1113151, 36.660453, 0.0 ], [ 10.1113279, 36.6604407, 0.0 ] ] ] } },
{ "type": "Feature", "properties": { "OBJECTID": 2424, "ID": 0, "SUP": 14.732, "Shape_Leng": 0.025348212943499999, "Shape_Area": 1.48556345692e-05 }, "geometry": { "type": "Polygon", "coordinates": [ [ [ 10.1181559, 36.653361, 0.0 ], [ 10.1174843, 36.6597554, 0.0 ], [ 10.1173008, 36.6596593, 0.0 ], [ 10.1160213, 36.6589987, 0.0 ], [ 10.1161365, 36.6586173, 0.0 ], [ 10.1161813, 36.6584404, 0.0 ], [ 10.1162082, 36.658362, 0.0 ], [ 10.1162419, 36.6582854, 0.0 ], [ 10.1162822, 36.6582109, 0.0 ], [ 10.116329, 36.6581389, 0.0 ], [ 10.1163821, 36.6580697, 0.0 ], [ 10.116441, 36.6580037, 0.0 ], [ 10.1165057, 36.6579413, 0.0 ], [ 10.1166644, 36.6577717, 0.0 ], [ 10.1168167, 36.6575983, 0.0 ], [ 10.1169623, 36.6574213, 0.0 ], [ 10.1171011, 36.6572407, 0.0 ], [ 10.117233, 36.6570568, 0.0 ], [ 10.1172802, 36.6569678, 0.0 ], [ 10.1173196, 36.6568764, 0.0 ], [ 10.1173509, 36.656783, 0.0 ], [ 10.117374, 36.656688, 0.0 ], [ 10.1173886, 36.656592, 0.0 ], [ 10.1173949, 36.6564954, 0.0 ], [ 10.1173926, 36.6563986, 0.0 ], [ 10.1173819, 36.6563023, 0.0 ], [ 10.1173628, 36.6562067, 0.0 ], [ 10.1173354, 36.6561125, 0.0 ], [ 10.1172998, 36.6560201, 0.0 ], [ 10.1172562, 36.65593, 0.0 ], [ 10.1172049, 36.6558425, 0.0 ], [ 10.117146, 36.6557582, 0.0 ], [ 10.1170799, 36.6556774, 0.0 ], [ 10.1170068, 36.6556006, 0.0 ], [ 10.1169273, 36.6555281, 0.0 ], [ 10.1168416, 36.6554603, 0.0 ], [ 10.1167501, 36.6553976, 0.0 ], [ 10.1166535, 36.6553402, 0.0 ], [ 10.116552, 36.6552885, 0.0 ], [ 10.1164463, 36.6552426, 0.0 ], [ 10.1163368, 36.6552029, 0.0 ], [ 10.1162241, 36.6551694, 0.0 ], [ 10.1161087, 36.6551425, 0.0 ], [ 10.1159913, 36.6551222, 0.0 ], [ 10.1157007, 36.655082, 0.0 ], [ 10.1153747, 36.6550564, 0.0 ], [ 10.1151322, 36.6550777, 0.0 ], [ 10.114928, 36.655079, 0.0 ], [ 10.1147237, 36.6550768, 0.0 ], [ 10.1145141, 36.655086, 0.0 ], [ 10.1143051, 36.6551015, 0.0 ], [ 10.114097, 36.6551233, 0.0 ], [ 10.11389, 36.6551514, 0.0 ], [ 10.1137433, 36.6552013, 0.0 ], [ 10.1135937, 36.6552452, 0.0 ], [ 10.1134415, 36.6552831, 0.0 ], [ 10.1132871, 36.6553147, 0.0 ], [ 10.113131, 36.65534, 0.0 ], [ 10.1129735, 36.6553589, 0.0 ], [ 10.112815, 36.6553715, 0.0 ], [ 10.1126559, 36.6553776, 0.0 ], [ 10.1125331, 36.6553961, 0.0 ], [ 10.1124091, 36.6554084, 0.0 ], [ 10.1122843, 36.6554144, 0.0 ], [ 10.1121594, 36.655414, 0.0 ], [ 10.1120347, 36.6554072, 0.0 ], [ 10.1119808, 36.6554069, 0.0 ], [ 10.1118444, 36.6535674, 0.0 ], [ 10.1118661, 36.6535667, 0.0 ], [ 10.115511, 36.6534277, 0.0 ], [ 10.1181559, 36.653361, 0.0 ] ] ] } },
{ "type": "Feature", "properties": { "OBJECTID": 2438, "ID": 0, "SUP": 103.86, "Shape_Leng": 0.059337952886099998, "Shape_Area": 0.000104672975945 }, "geometry": { "type": "Polygon", "coordinates": [ [ [ 10.0958442, 36.6120571, 0.0 ], [ 10.095792, 36.6121339, 0.0 ], [ 10.0961245, 36.6126365, 0.0 ], [ 10.0962037, 36.6127932, 0.0 ], [ 10.0962655, 36.6129787, 0.0 ], [ 10.0965307, 36.6133197, 0.0 ], [ 10.0967612, 36.613723, 0.0 ], [ 10.097, 36.6138472, 0.0 ], [ 10.0971069, 36.6138748, 0.0 ], [ 10.0980818, 36.6150297, 0.0 ], [ 10.0980718, 36.6151539, 0.0 ], [ 10.097828, 36.61549, 0.0 ], [ 10.0977099, 36.6155102, 0.0 ], [ 10.0976501, 36.615463, 0.0 ], [ 10.097496, 36.6154454, 0.0 ], [ 10.0970975, 36.6157162, 0.0 ], [ 10.0968359, 36.6156327, 0.0 ], [ 10.0966825, 36.6156628, 0.0 ], [ 10.0964477, 36.6157985, 0.0 ], [ 10.0963075, 36.6159238, 0.0 ], [ 10.0960008, 36.6159934, 0.0 ], [ 10.0958457, 36.615909, 0.0 ], [ 10.0955332, 36.6155684, 0.0 ], [ 10.0952679, 36.6152178, 0.0 ], [ 10.0949689, 36.6150011, 0.0 ], [ 10.0946207, 36.6146418, 0.0 ], [ 10.0944604, 36.6141853, 0.0 ], [ 10.0944545, 36.6141663, 0.0 ], [ 10.0941507, 36.6140195, 0.0 ], [ 10.0934525, 36.6135966, 0.0 ], [ 10.0930393, 36.6132993, 0.0 ], [ 10.0927531, 36.613095, 0.0 ], [ 10.0926194, 36.6130605, 0.0 ], [ 10.09243, 36.6128475, 0.0 ], [ 10.0922862, 36.6127201, 0.0 ], [ 10.0921153, 36.6125571, 0.0 ], [ 10.0918203, 36.6124095, 0.0 ], [ 10.0914462, 36.6123128, 0.0 ], [ 10.0912069, 36.6123364, 0.0 ], [ 10.0910289, 36.6123023, 0.0 ], [ 10.090877, 36.6122321, 0.0 ], [ 10.0906307, 36.6123918, 0.0 ], [ 10.0902671, 36.6126911, 0.0 ], [ 10.0898755, 36.6130134, 0.0 ], [ 10.089601, 36.6132735, 0.0 ], [ 10.0894133, 36.6135478, 0.0 ], [ 10.0891159, 36.6138582, 0.0 ], [ 10.0887739, 36.6141547, 0.0 ], [ 10.0885972, 36.6144304, 0.0 ], [ 10.0884404, 36.6146465, 0.0 ], [ 10.0882468, 36.6147628, 0.0 ], [ 10.0880967, 36.6148214, 0.0 ], [ 10.0878469, 36.6147306, 0.0 ], [ 10.0873878, 36.6142697, 0.0 ], [ 10.0872721, 36.6140253, 0.0 ], [ 10.0867979, 36.6133449, 0.0 ], [ 10.0858198, 36.6113217, 0.0 ], [ 10.0855681, 36.6110951, 0.0 ], [ 10.0854666, 36.6108169, 0.0 ], [ 10.0854116, 36.6106958, 0.0 ], [ 10.0851601, 36.6104834, 0.0 ], [ 10.0850781, 36.6103267, 0.0 ], [ 10.0850232, 36.6102128, 0.0 ], [ 10.0849836, 36.6099198, 0.0 ], [ 10.0847928, 36.6096067, 0.0 ], [ 10.0848518, 36.6093772, 0.0 ], [ 10.0853607, 36.6089647, 0.0 ], [ 10.0859632, 36.6088876, 0.0 ], [ 10.086482, 36.6085466, 0.0 ], [ 10.0870006, 36.6081841, 0.0 ], [ 10.0879883, 36.6077386, 0.0 ], [ 10.0885902, 36.6076186, 0.0 ], [ 10.0887138, 36.6076068, 0.0 ], [ 10.0894144, 36.6075395, 0.0 ], [ 10.0900511, 36.6073763, 0.0 ], [ 10.0912089, 36.6070294, 0.0 ], [ 10.0919404, 36.6066649, 0.0 ], [ 10.0923715, 36.6063962, 0.0 ], [ 10.0928083, 36.6059057, 0.0 ], [ 10.0928986, 36.6057953, 0.0 ], [ 10.0928467, 36.6054832, 0.0 ], [ 10.0929492, 36.605196, 0.0 ], [ 10.0932909, 36.6048852, 0.0 ], [ 10.093359, 36.6046842, 0.0 ], [ 10.0933989, 36.6043619, 0.0 ], [ 10.0934443, 36.6042161, 0.0 ], [ 10.0935914, 36.60395, 0.0 ], [ 10.0936156, 36.603778, 0.0 ], [ 10.0936153, 36.603351, 0.0 ], [ 10.0937129, 36.603126, 0.0 ], [ 10.0938566, 36.6028407, 0.0 ], [ 10.0937561, 36.6026342, 0.0 ], [ 10.0938426, 36.6018463, 0.0 ], [ 10.0937768, 36.6015893, 0.0 ], [ 10.0940583, 36.601931, 0.0 ], [ 10.0946571, 36.6024407, 0.0 ], [ 10.0953019, 36.6028546, 0.0 ], [ 10.0959239, 36.6033259, 0.0 ], [ 10.0962581, 36.6035327, 0.0 ], [ 10.0964738, 36.6037215, 0.0 ], [ 10.0967381, 36.6040053, 0.0 ], [ 10.0969796, 36.6043465, 0.0 ], [ 10.0973203, 36.6050112, 0.0 ], [ 10.0976606, 36.6056378, 0.0 ], [ 10.0979515, 36.6061312, 0.0 ], [ 10.0984574, 36.6067562, 0.0 ], [ 10.0990835, 36.6075136, 0.0 ], [ 10.1000227, 36.6069898, 0.0 ], [ 10.1004757, 36.6067474, 0.0 ], [ 10.100565, 36.6066704, 0.0 ], [ 10.1007953, 36.6070499, 0.0 ], [ 10.1008827, 36.6073735, 0.0 ], [ 10.1010874, 36.6076196, 0.0 ], [ 10.1013464, 36.6077627, 0.0 ], [ 10.1017672, 36.607995, 0.0 ], [ 10.1020187, 36.6082025, 0.0 ], [ 10.1021284, 36.6084305, 0.0 ], [ 10.1022679, 36.6090875, 0.0 ], [ 10.102116, 36.6092225, 0.0 ], [ 10.102005, 36.6092376, 0.0 ], [ 10.0998731, 36.6111892, 0.0 ], [ 10.097747, 36.6093842, 0.0 ], [ 10.0958972, 36.6114167, 0.0 ], [ 10.0958, 36.6118707, 0.0 ], [ 10.0958442, 36.6120571, 0.0 ] ] ] } },
{ "type": "Feature", "properties": { "OBJECTID": 2440, "ID": 0, "SUP": 21.879, "Shape_Leng": 0.024848268179, "Shape_Area": 2.20709212277e-05 }, "geometry": { "type": "Polygon", "coordinates": [ [ [ 10.1254111, 36.6794525, 0.0 ], [ 10.1262954, 36.6791598, 0.0 ], [ 10.1265912, 36.6793368, 0.0 ], [ 10.1246879, 36.6813794, 0.0 ], [ 10.128392, 36.6835863, 0.0 ], [ 10.1293354, 36.6841241, 0.0 ], [ 10.12889, 36.6846367, 0.0 ], [ 10.128626, 36.6849283, 0.0 ], [ 10.1286092, 36.6849469, 0.0 ], [ 10.1280217, 36.6855285, 0.0 ], [ 10.1273079, 36.6862648, 0.0 ], [ 10.1269323, 36.6860572, 0.0 ], [ 10.1265961, 36.6858399, 0.0 ], [ 10.1265111, 36.6857849, 0.0 ], [ 10.1262586, 36.6856394, 0.0 ], [ 10.1259973, 36.6854833, 0.0 ], [ 10.1258369, 36.6853874, 0.0 ], [ 10.1253418, 36.6850917, 0.0 ], [ 10.1241857, 36.6844114, 0.0 ], [ 10.1240434, 36.6843246, 0.0 ], [ 10.1233402, 36.6838955, 0.0 ], [ 10.1231102, 36.6837551, 0.0 ], [ 10.1229356, 36.6836486, 0.0 ], [ 10.1228121, 36.6835732, 0.0 ], [ 10.1227471, 36.6835336, 0.0 ], [ 10.1232123, 36.6831093, 0.0 ], [ 10.1234024, 36.682936, 0.0 ], [ 10.1234432, 36.6828988, 0.0 ], [ 10.1234595, 36.6828839, 0.0 ], [ 10.1234595, 36.6828839, 0.0 ], [ 10.1234595, 36.6828839, 0.0 ], [ 10.1225642, 36.6823885, 0.0 ], [ 10.1225638, 36.6823834, 0.0 ], [ 10.1225686, 36.682307, 0.0 ], [ 10.1225279, 36.6815441, 0.0 ], [ 10.1224285, 36.6808153, 0.0 ], [ 10.122405, 36.6804361, 0.0 ], [ 10.1224185, 36.6804432, 0.0 ], [ 10.1243413, 36.6798061, 0.0 ], [ 10.1247657, 36.6796626, 0.0 ], [ 10.1254111, 36.6794525, 0.0 ] ], [ [ 10.1227471, 36.6835336, 0.0 ], [ 10.1227471, 36.6835336, 0.0 ], [ 10.1227471, 36.6835336, 0.0 ], [ 10.1227471, 36.6835336, 0.0 ] ] ] } },
{ "type": "Feature", "properties": { "OBJECTID": 2452, "ID": 0, "SUP": 160.816, "Shape_Leng": 0.080937092917499995, "Shape_Area": 0.00016214491936500001 }, "geometry": { "type": "Polygon", "coordinates": [ [ [ 10.0963143, 36.6515262, 0.0 ], [ 10.0963756, 36.6515872, 0.0 ], [ 10.0958807, 36.6518078, 0.0 ], [ 10.0942721, 36.6526572, 0.0 ], [ 10.0941634, 36.6526431, 0.0 ], [ 10.0927055, 36.6525325, 0.0 ], [ 10.0908935, 36.6523186, 0.0 ], [ 10.089454, 36.6520187, 0.0 ], [ 10.0889309, 36.6518706, 0.0 ], [ 10.0884545, 36.6518294, 0.0 ], [ 10.088452, 36.6518202, 0.0 ], [ 10.0882364, 36.6510313, 0.0 ], [ 10.0875297, 36.6498154, 0.0 ], [ 10.0867673, 36.6485555, 0.0 ], [ 10.0862355, 36.6476855, 0.0 ], [ 10.0862702, 36.6475266, 0.0 ], [ 10.0875004, 36.6467486, 0.0 ], [ 10.0895548, 36.6457408, 0.0 ], [ 10.0906881, 36.6449415, 0.0 ], [ 10.091905, 36.644208, 0.0 ], [ 10.0927758, 36.6445015, 0.0 ], [ 10.0941621, 36.6448651, 0.0 ], [ 10.0942664, 36.644819, 0.0 ], [ 10.0942699, 36.6448198, 0.0 ], [ 10.0943364, 36.6448038, 0.0 ], [ 10.0943692, 36.6447736, 0.0 ], [ 10.0943705, 36.6447731, 0.0 ], [ 10.0943763, 36.6447671, 0.0 ], [ 10.094562, 36.6445964, 0.0 ], [ 10.0948628, 36.6443116, 0.0 ], [ 10.0952333, 36.643911, 0.0 ], [ 10.0954702, 36.6436536, 0.0 ], [ 10.0954674, 36.6436515, 0.0 ], [ 10.0966797, 36.6422116, 0.0 ], [ 10.0975751, 36.6411778, 0.0 ], [ 10.0991394, 36.6398519, 0.0 ], [ 10.1005806, 36.6386873, 0.0 ], [ 10.1013863, 36.6381194, 0.0 ], [ 10.1033222, 36.6369029, 0.0 ], [ 10.1062342, 36.6351407, 0.0 ], [ 10.1073917, 36.6344608, 0.0 ], [ 10.1078215, 36.6347144, 0.0 ], [ 10.1085118, 36.6350301, 0.0 ], [ 10.1093211, 36.6365588, 0.0 ], [ 10.1094709, 36.6370604, 0.0 ], [ 10.1098024, 36.6375762, 0.0 ], [ 10.1105763, 36.63861, 0.0 ], [ 10.1116751, 36.6402894, 0.0 ], [ 10.1116837, 36.6403027, 0.0 ], [ 10.1119073, 36.6405688, 0.0 ], [ 10.1120275, 36.6410552, 0.0 ], [ 10.1120575, 36.6411765, 0.0 ], [ 10.11207, 36.6412252, 0.0 ], [ 10.1120212, 36.6416193, 0.0 ], [ 10.1121434, 36.6418865, 0.0 ], [ 10.1121427, 36.6419145, 0.0 ], [ 10.1121388, 36.6420833, 0.0 ], [ 10.1124685, 36.6423724, 0.0 ], [ 10.1125074, 36.6425032, 0.0 ], [ 10.1121162, 36.6425724, 0.0 ], [ 10.1118069, 36.6426707, 0.0 ], [ 10.1115926, 36.6427707, 0.0 ], [ 10.111285, 36.6429141, 0.0 ], [ 10.111057, 36.6430057, 0.0 ], [ 10.1109769, 36.6430959, 0.0 ], [ 10.1108159, 36.6432226, 0.0 ], [ 10.1105437, 36.6433324, 0.0 ], [ 10.1104991, 36.6433895, 0.0 ], [ 10.1104638, 36.6434346, 0.0 ], [ 10.1103088, 36.6434599, 0.0 ], [ 10.1102193, 36.643413, 0.0 ], [ 10.1101931, 36.6433923, 0.0 ], [ 10.1100547, 36.6432833, 0.0 ], [ 10.1098458, 36.643166, 0.0 ], [ 10.1099377, 36.6433858, 0.0 ], [ 10.1099288, 36.6433948, 0.0 ], [ 10.1098721, 36.643452, 0.0 ], [ 10.109487, 36.6434317, 0.0 ], [ 10.1088435, 36.6434437, 0.0 ], [ 10.108695, 36.6434093, 0.0 ], [ 10.1086916, 36.6434063, 0.0 ], [ 10.1084777, 36.6432205, 0.0 ], [ 10.1083583, 36.6431501, 0.0 ], [ 10.1084121, 36.6432867, 0.0 ], [ 10.1084409, 36.6434086, 0.0 ], [ 10.1084515, 36.6434533, 0.0 ], [ 10.1083637, 36.6435257, 0.0 ], [ 10.1081345, 36.6435397, 0.0 ], [ 10.1077589, 36.6436092, 0.0 ], [ 10.1076253, 36.6436339, 0.0 ], [ 10.1073381, 36.643726, 0.0 ], [ 10.107072, 36.6437464, 0.0 ], [ 10.1068722, 36.6437482, 0.0 ], [ 10.1067166, 36.6437318, 0.0 ], [ 10.1066645, 36.6437084, 0.0 ], [ 10.1063161, 36.6434284, 0.0 ], [ 10.1063052, 36.6434196, 0.0 ], [ 10.1064582, 36.64377, 0.0 ], [ 10.1064228, 36.6438836, 0.0 ], [ 10.1058462, 36.6439247, 0.0 ], [ 10.1052411, 36.6440377, 0.0 ], [ 10.1048491, 36.6440473, 0.0 ], [ 10.104524, 36.6440801, 0.0 ], [ 10.1044563, 36.6440032, 0.0 ], [ 10.1043879, 36.6438786, 0.0 ], [ 10.1042818, 36.6437007, 0.0 ], [ 10.104087, 36.6435356, 0.0 ], [ 10.1038552, 36.6433648, 0.0 ], [ 10.1039022, 36.6435432, 0.0 ], [ 10.1039857, 36.6436915, 0.0 ], [ 10.1041133, 36.6438215, 0.0 ], [ 10.10413, 36.6439526, 0.0 ], [ 10.1041025, 36.6441019, 0.0 ], [ 10.1040372, 36.6441919, 0.0 ], [ 10.1039114, 36.6441931, 0.0 ], [ 10.1037862, 36.644236, 0.0 ], [ 10.103713, 36.6442903, 0.0 ], [ 10.1034921, 36.6443639, 0.0 ], [ 10.1033218, 36.6443536, 0.0 ], [ 10.1032326, 36.6443246, 0.0 ], [ 10.1029326, 36.6440471, 0.0 ], [ 10.1028122, 36.6439051, 0.0 ], [ 10.1029447, 36.644375, 0.0 ], [ 10.1029478, 36.6445956, 0.0 ], [ 10.1028011, 36.6446804, 0.0 ], [ 10.1023377, 36.6448755, 0.0 ], [ 10.1021077, 36.6448359, 0.0 ], [ 10.1017673, 36.6448331, 0.0 ], [ 10.1014789, 36.6448477, 0.0 ], [ 10.1010735, 36.6449528, 0.0 ], [ 10.1008291, 36.6449372, 0.0 ], [ 10.1007547, 36.644914, 0.0 ], [ 10.1006799, 36.6448551, 0.0 ], [ 10.1006041, 36.6447305, 0.0 ], [ 10.100403, 36.644637, 0.0 ], [ 10.0999477, 36.6443609, 0.0 ], [ 10.0994333, 36.6440914, 0.0 ], [ 10.0992411, 36.6440991, 0.0 ], [ 10.0997189, 36.6443988, 0.0 ], [ 10.1002357, 36.6448353, 0.0 ], [ 10.1003046, 36.6450016, 0.0 ], [ 10.0999115, 36.6449337, 0.0 ], [ 10.0994648, 36.6447411, 0.0 ], [ 10.0987204, 36.6444319, 0.0 ], [ 10.0976871, 36.6440896, 0.0 ], [ 10.0973905, 36.6440447, 0.0 ], [ 10.0971763, 36.6440764, 0.0 ], [ 10.0969558, 36.6441798, 0.0 ], [ 10.0966926, 36.6444029, 0.0 ], [ 10.0964226, 36.6446737, 0.0 ], [ 10.0962973, 36.6447047, 0.0 ], [ 10.0963504, 36.6447996, 0.0 ], [ 10.0963737, 36.6448769, 0.0 ], [ 10.0962433, 36.6450689, 0.0 ], [ 10.0957403, 36.6456042, 0.0 ], [ 10.0955593, 36.6458861, 0.0 ], [ 10.0955501, 36.6459893, 0.0 ], [ 10.0955274, 36.6462442, 0.0 ], [ 10.0956841, 36.6463381, 0.0 ], [ 10.0957674, 36.6464745, 0.0 ], [ 10.0958224, 36.6467006, 0.0 ], [ 10.0956927, 36.647471, 0.0 ], [ 10.0957641, 36.6478042, 0.0 ], [ 10.0959986, 36.6481658, 0.0 ], [ 10.0965037, 36.648823, 0.0 ], [ 10.0969624, 36.6493435, 0.0 ], [ 10.0969923, 36.6494249, 0.0 ], [ 10.0970779, 36.6496585, 0.0 ], [ 10.0970661, 36.6497788, 0.0 ], [ 10.0970585, 36.6498554, 0.0 ], [ 10.0970013, 36.649999, 0.0 ], [ 10.0967089, 36.6502462, 0.0 ], [ 10.0964835, 36.6505345, 0.0 ], [ 10.0964795, 36.6505443, 0.0 ], [ 10.0963495, 36.6506672, 0.0 ], [ 10.096285, 36.6511258, 0.0 ], [ 10.0963143, 36.6515262, 0.0 ] ] ] } },
{ "type": "Feature", "properties": { "OBJECTID": 2458, "ID": 0, "SUP": 14.888, "Shape_Leng": 0.0167934873162, "Shape_Area": 1.5017314554400001e-05 }, "geometry": { "type": "Polygon", "coordinates": [ [ [ 10.1863953, 36.6779932, 0.0 ], [ 10.1867756, 36.6784637, 0.0 ], [ 10.1871534, 36.678931, 0.0 ], [ 10.1871329, 36.6791634, 0.0 ], [ 10.1875535, 36.6794816, 0.0 ], [ 10.1879702, 36.6797969, 0.0 ], [ 10.1881811, 36.6799087, 0.0 ], [ 10.1883689, 36.6799927, 0.0 ], [ 10.1884726, 36.6800882, 0.0 ], [ 10.1886113, 36.6801584, 0.0 ], [ 10.1887513, 36.6803073, 0.0 ], [ 10.1888549, 36.6803729, 0.0 ], [ 10.1888903, 36.6803953, 0.0 ], [ 10.1890513, 36.6804617, 0.0 ], [ 10.1893161, 36.6806451, 0.0 ], [ 10.1894293, 36.6809009, 0.0 ], [ 10.1891872, 36.6816715, 0.0 ], [ 10.1889798, 36.682169, 0.0 ], [ 10.1888785, 36.6825134, 0.0 ], [ 10.1889003, 36.6825846, 0.0 ], [ 10.1889113, 36.6826204, 0.0 ], [ 10.1891083, 36.6827351, 0.0 ], [ 10.1892017, 36.6827542, 0.0 ], [ 10.1891877, 36.6827799, 0.0 ], [ 10.1890357, 36.6831115, 0.0 ], [ 10.1889312, 36.6833394, 0.0 ], [ 10.1883092, 36.6830492, 0.0 ], [ 10.1872328, 36.6825643, 0.0 ], [ 10.1854755, 36.6814917, 0.0 ], [ 10.1837114, 36.6802976, 0.0 ], [ 10.183713, 36.6802949, 0.0 ], [ 10.1837275, 36.680271, 0.0 ], [ 10.1837983, 36.6801532, 0.0 ], [ 10.1839074, 36.6799719, 0.0 ], [ 10.1839851, 36.6798428, 0.0 ], [ 10.1841251, 36.6797111, 0.0 ], [ 10.1843379, 36.6795111, 0.0 ], [ 10.1847071, 36.679164, 0.0 ], [ 10.1847546, 36.6791194, 0.0 ], [ 10.1850081, 36.6789454, 0.0 ], [ 10.1850502, 36.6789165, 0.0 ], [ 10.1851864, 36.678823, 0.0 ], [ 10.1855983, 36.6785403, 0.0 ], [ 10.1856556, 36.678501, 0.0 ], [ 10.1863953, 36.6779932, 0.0 ] ] ] } },
{ "type": "Feature", "properties": { "OBJECTID": 2464, "ID": 0, "SUP": 13.813, "Shape_Leng": 0.017765289310200001, "Shape_Area": 1.3928691529800001e-05 }, "geometry": { "type": "Polygon", "coordinates": [ [ [ 10.1423726, 36.6553913, 0.0 ], [ 10.1422274, 36.6554277, 0.0 ], [ 10.1414945, 36.6547533, 0.0 ], [ 10.139944, 36.6559882, 0.0 ], [ 10.1393703, 36.6553848, 0.0 ], [ 10.1393827, 36.6553764, 0.0 ], [ 10.1395285, 36.6552783, 0.0 ], [ 10.139198, 36.6549476, 0.0 ], [ 10.1397477, 36.6544796, 0.0 ], [ 10.139888, 36.654359, 0.0 ], [ 10.139888, 36.654359, 0.0 ], [ 10.1404784, 36.6538525, 0.0 ], [ 10.1420803, 36.6524776, 0.0 ], [ 10.1420803, 36.6524776, 0.0 ], [ 10.1420803, 36.6524776, 0.0 ], [ 10.1419934, 36.6524465, 0.0 ], [ 10.1421148, 36.6524105, 0.0 ], [ 10.1423329, 36.6523464, 0.0 ], [ 10.142815, 36.6522425, 0.0 ], [ 10.1432644, 36.6522048, 0.0 ], [ 10.1437554, 36.652181, 0.0 ], [ 10.1439805, 36.6521931, 0.0 ], [ 10.1441589, 36.6522439, 0.0 ], [ 10.1443447, 36.6522996, 0.0 ], [ 10.1447009, 36.6524676, 0.0 ], [ 10.1450057, 36.6526555, 0.0 ], [ 10.1452157, 36.6528443, 0.0 ], [ 10.1454989, 36.653185, 0.0 ], [ 10.1457164, 36.6534787, 0.0 ], [ 10.1459432, 36.6538297, 0.0 ], [ 10.1440827, 36.6554429, 0.0 ], [ 10.143788, 36.6552987, 0.0 ], [ 10.1436022, 36.6552078, 0.0 ], [ 10.1428049, 36.6548177, 0.0 ], [ 10.1423726, 36.6553913, 0.0 ] ] ] } },
{ "type": "Feature", "properties": { "OBJECTID": 2475, "ID": 0, "SUP": 34.095, "Shape_Leng": 0.028096785702299999, "Shape_Area": 3.43843122571e-05 }, "geometry": { "type": "Polygon", "coordinates": [ [ [ 10.1313323, 36.6646943, 0.0 ], [ 10.1308986, 36.6647951, 0.0 ], [ 10.1307169, 36.6647999, 0.0 ], [ 10.1302324, 36.6648712, 0.0 ], [ 10.1298003, 36.6648801, 0.0 ], [ 10.1283793, 36.664884, 0.0 ], [ 10.1280642, 36.6648012, 0.0 ], [ 10.1279098, 36.6647268, 0.0 ], [ 10.1277121, 36.6646137, 0.0 ], [ 10.1275146, 36.6644935, 0.0 ], [ 10.1269292, 36.6641678, 0.0 ], [ 10.1268178, 36.6641058, 0.0 ], [ 10.126434, 36.6638923, 0.0 ], [ 10.1258724, 36.6635042, 0.0 ], [ 10.1253704, 36.6631849, 0.0 ], [ 10.1248786, 36.6629087, 0.0 ], [ 10.1244835, 36.662687, 0.0 ], [ 10.1244731, 36.6626812, 0.0 ], [ 10.1242899, 36.662577, 0.0 ], [ 10.1239483, 36.6624968, 0.0 ], [ 10.1236664, 36.6624577, 0.0 ], [ 10.1233775, 36.6624366, 0.0 ], [ 10.1231328, 36.6624031, 0.0 ], [ 10.122999, 36.6623686, 0.0 ], [ 10.1229909, 36.662315, 0.0 ], [ 10.1230624, 36.6621414, 0.0 ], [ 10.1236089, 36.6610451, 0.0 ], [ 10.1238634, 36.6607326, 0.0 ], [ 10.1244191, 36.6602682, 0.0 ], [ 10.1256251, 36.6592253, 0.0 ], [ 10.1259028, 36.6589842, 0.0 ], [ 10.1260209, 36.6589093, 0.0 ], [ 10.1272934, 36.6590989, 0.0 ], [ 10.1287127, 36.6592807, 0.0 ], [ 10.1300201, 36.6594457, 0.0 ], [ 10.1298084, 36.6597956, 0.0 ], [ 10.1293906, 36.6608014, 0.0 ], [ 10.1293263, 36.6609562, 0.0 ], [ 10.1292312, 36.6611852, 0.0 ], [ 10.1289268, 36.6619179, 0.0 ], [ 10.1300911, 36.6620971, 0.0 ], [ 10.1300911, 36.6620971, 0.0 ], [ 10.1300911, 36.6620971, 0.0 ], [ 10.1329556, 36.6625379, 0.0 ], [ 10.1333459, 36.662598, 0.0 ], [ 10.1329852, 36.6633435, 0.0 ], [ 10.1326519, 36.6642387, 0.0 ], [ 10.1326425, 36.6642639, 0.0 ], [ 10.1324121, 36.6643971, 0.0 ], [ 10.1317258, 36.6646029, 0.0 ], [ 10.1313323, 36.6646943, 0.0 ] ] ] } },
{ "type": "Feature", "properties": { "OBJECTID": 2523, "ID": 0, "SUP": 17.259, "Shape_Leng": 0.021737096398800001, "Shape_Area": 1.7409537314600001e-05 }, "geometry": { "type": "Polygon", "coordinates": [ [ [ 10.1221505, 36.6831051, 0.0 ], [ 10.1217623, 36.6842117, 0.0 ], [ 10.1201357, 36.6835401, 0.0 ], [ 10.1203104, 36.6832657, 0.0 ], [ 10.1202783, 36.6831667, 0.0 ], [ 10.1204284, 36.6828982, 0.0 ], [ 10.1204632, 36.6828359, 0.0 ], [ 10.1205941, 36.6824816, 0.0 ], [ 10.1208403, 36.6825628, 0.0 ], [ 10.1211304, 36.6826586, 0.0 ], [ 10.1213551, 36.6819328, 0.0 ], [ 10.1213564, 36.6819299, 0.0 ], [ 10.1209403, 36.6818073, 0.0 ], [ 10.120503, 36.6817364, 0.0 ], [ 10.1200233, 36.6816586, 0.0 ], [ 10.1197917, 36.6816211, 0.0 ], [ 10.1195014, 36.6821445, 0.0 ], [ 10.1194245, 36.6820708, 0.0 ], [ 10.1186038, 36.6826508, 0.0 ], [ 10.1169197, 36.6819686, 0.0 ], [ 10.1177043, 36.6805977, 0.0 ], [ 10.1188538, 36.678593, 0.0 ], [ 10.1191537, 36.6786711, 0.0 ], [ 10.1196481, 36.6787702, 0.0 ], [ 10.1200533, 36.6788343, 0.0 ], [ 10.1204806, 36.6788983, 0.0 ], [ 10.1207877, 36.6789455, 0.0 ], [ 10.121006, 36.6789864, 0.0 ], [ 10.1213894, 36.6790865, 0.0 ], [ 10.1217595, 36.6791832, 0.0 ], [ 10.1221161, 36.6792729, 0.0 ], [ 10.1221757, 36.679315, 0.0 ], [ 10.1222183, 36.6793957, 0.0 ], [ 10.1222447, 36.6795815, 0.0 ], [ 10.1222941, 36.6805351, 0.0 ], [ 10.122376, 36.6812785, 0.0 ], [ 10.1224319, 36.6818694, 0.0 ], [ 10.1224369, 36.6822128, 0.0 ], [ 10.1224427, 36.6822806, 0.0 ], [ 10.1224408, 36.6823485, 0.0 ], [ 10.122431, 36.6824159, 0.0 ], [ 10.1224135, 36.6824823, 0.0 ], [ 10.1223885, 36.6825472, 0.0 ], [ 10.1221505, 36.6831051, 0.0 ] ] ] } },
{ "type": "Feature", "properties": { "OBJECTID": 2527, "ID": 0, "SUP": 21.891, "Shape_Leng": 0.021491894382, "Shape_Area": 2.2083529385500001e-05 }, "geometry": { "type": "Polygon", "coordinates": [ [ [ 10.1021106, 36.6862388, 0.0 ], [ 10.1021119, 36.6863283, 0.0 ], [ 10.1021219, 36.6864105, 0.0 ], [ 10.10209, 36.6866612, 0.0 ], [ 10.1020654, 36.6868117, 0.0 ], [ 10.1020986, 36.6869545, 0.0 ], [ 10.1021, 36.6870511, 0.0 ], [ 10.1020876, 36.6871156, 0.0 ], [ 10.1020667, 36.6872088, 0.0 ], [ 10.1019445, 36.6873602, 0.0 ], [ 10.101813, 36.6874902, 0.0 ], [ 10.1017527, 36.6876195, 0.0 ], [ 10.1016955, 36.6876974, 0.0 ], [ 10.1016045, 36.6878213, 0.0 ], [ 10.1014961, 36.6880011, 0.0 ], [ 10.1014635, 36.6882125, 0.0 ], [ 10.1014204, 36.6883024, 0.0 ], [ 10.1013249, 36.6884607, 0.0 ], [ 10.1011931, 36.688562, 0.0 ], [ 10.1011016, 36.6886881, 0.0 ], [ 10.1009571, 36.6888361, 0.0 ], [ 10.1007943, 36.688945, 0.0 ], [ 10.1006041, 36.6890004, 0.0 ], [ 10.1003381, 36.6890386, 0.0 ], [ 10.1001118, 36.6890586, 0.0 ], [ 10.0996066, 36.689142, 0.0 ], [ 10.0995137, 36.6891714, 0.0 ], [ 10.0994964, 36.6892076, 0.0 ], [ 10.0990484, 36.6881848, 0.0 ], [ 10.0984563, 36.686833, 0.0 ], [ 10.098284, 36.6864413, 0.0 ], [ 10.0981136, 36.6860539, 0.0 ], [ 10.0980803, 36.6859689, 0.0 ], [ 10.0978309, 36.6853314, 0.0 ], [ 10.0972446, 36.684087, 0.0 ], [ 10.0971712, 36.6839255, 0.0 ], [ 10.0967288, 36.6827943, 0.0 ], [ 10.0963264, 36.6819871, 0.0 ], [ 10.0962294, 36.6818258, 0.0 ], [ 10.0964656, 36.6818611, 0.0 ], [ 10.096609, 36.6819457, 0.0 ], [ 10.0967702, 36.6820372, 0.0 ], [ 10.0969132, 36.6821003, 0.0 ], [ 10.0971093, 36.6821486, 0.0 ], [ 10.0973054, 36.6821897, 0.0 ], [ 10.0974564, 36.6821883, 0.0 ], [ 10.0976346, 36.6822296, 0.0 ], [ 10.0979821, 36.6822979, 0.0 ], [ 10.0982493, 36.6823456, 0.0 ], [ 10.0985784, 36.6823783, 0.0 ], [ 10.098836, 36.6823759, 0.0 ], [ 10.0989248, 36.6823751, 0.0 ], [ 10.0990127, 36.6823099, 0.0 ], [ 10.0990924, 36.6822877, 0.0 ], [ 10.099253, 36.6823363, 0.0 ], [ 10.0993954, 36.6823564, 0.0 ], [ 10.0995559, 36.6823979, 0.0 ], [ 10.0996357, 36.68239, 0.0 ], [ 10.0998231, 36.6824455, 0.0 ], [ 10.0999833, 36.6824655, 0.0 ], [ 10.1001368, 36.6825046, 0.0 ], [ 10.1001994, 36.6825251, 0.0 ], [ 10.1002295, 36.6825582, 0.0 ], [ 10.1002778, 36.6826198, 0.0 ], [ 10.1002198, 36.6827109, 0.0 ], [ 10.1000967, 36.6827979, 0.0 ], [ 10.0997854, 36.6829821, 0.0 ], [ 10.1000132, 36.6831708, 0.0 ], [ 10.1000744, 36.6833221, 0.0 ], [ 10.1002405, 36.6835471, 0.0 ], [ 10.1006399, 36.6840443, 0.0 ], [ 10.1009712, 36.6844348, 0.0 ], [ 10.1012356, 36.684802, 0.0 ], [ 10.1015765, 36.6853474, 0.0 ], [ 10.1021106, 36.6862388, 0.0 ] ] ] } },
{ "type": "Feature", "properties": { "OBJECTID": 2538, "ID": 0, "SUP": 9.715, "Shape_Leng": 0.019009300429400001, "Shape_Area": 9.7996312778700003e-06 }, "geometry": { "type": "Polygon", "coordinates": [ [ [ 10.1032321, 36.678557, 0.0 ], [ 10.1032576, 36.6785952, 0.0 ], [ 10.1024392, 36.6789613, 0.0 ], [ 10.1026034, 36.6792031, 0.0 ], [ 10.1026345, 36.6792408, 0.0 ], [ 10.102657, 36.6792651, 0.0 ], [ 10.1028186, 36.6795204, 0.0 ], [ 10.1030248, 36.6794046, 0.0 ], [ 10.103339, 36.6792811, 0.0 ], [ 10.1036497, 36.6791828, 0.0 ], [ 10.1034884, 36.6792597, 0.0 ], [ 10.1032273, 36.6793631, 0.0 ], [ 10.1029452, 36.6794659, 0.0 ], [ 10.1026102, 36.6796455, 0.0 ], [ 10.1022885, 36.6799251, 0.0 ], [ 10.1021707, 36.6799739, 0.0 ], [ 10.101934, 36.6799856, 0.0 ], [ 10.1016491, 36.6799406, 0.0 ], [ 10.1014707, 36.6798897, 0.0 ], [ 10.1014467, 36.6798792, 0.0 ], [ 10.1013217, 36.6798243, 0.0 ], [ 10.1012316, 36.6797345, 0.0 ], [ 10.1010094, 36.6795219, 0.0 ], [ 10.1008534, 36.6793803, 0.0 ], [ 10.1007047, 36.6793339, 0.0 ], [ 10.1004559, 36.6793267, 0.0 ], [ 10.1002487, 36.6793334, 0.0 ], [ 10.1000948, 36.6793396, 0.0 ], [ 10.1000444, 36.6793283, 0.0 ], [ 10.0999106, 36.6792984, 0.0 ], [ 10.0997797, 36.6792519, 0.0 ], [ 10.0996959, 36.6791906, 0.0 ], [ 10.099511, 36.6790969, 0.0 ], [ 10.0993864, 36.6790838, 0.0 ], [ 10.0992086, 36.6790711, 0.0 ], [ 10.0991077, 36.6790529, 0.0 ], [ 10.0989415, 36.6790259, 0.0 ], [ 10.0987279, 36.679004, 0.0 ], [ 10.0984677, 36.6790302, 0.0 ], [ 10.0982588, 36.679045, 0.0 ], [ 10.0981386, 36.6789504, 0.0 ], [ 10.0981297, 36.6788891, 0.0 ], [ 10.0981241, 36.6788503, 0.0 ], [ 10.0981451, 36.678844, 0.0 ], [ 10.0983584, 36.6787407, 0.0 ], [ 10.0993163, 36.6784278, 0.0 ], [ 10.1009806, 36.6778221, 0.0 ], [ 10.1039483, 36.6767332, 0.0 ], [ 10.1047531, 36.6764582, 0.0 ], [ 10.1047589, 36.6764837, 0.0 ], [ 10.1050099, 36.677173, 0.0 ], [ 10.1050468, 36.6777245, 0.0 ], [ 10.1045513, 36.6779736, 0.0 ], [ 10.1044696, 36.6780098, 0.0 ], [ 10.1032321, 36.678557, 0.0 ] ] ] } },
{ "type": "Feature", "properties": { "OBJECTID": 2541, "ID": 0, "SUP": 25.914, "Shape_Leng": 0.029707977218599999, "Shape_Area": 2.61340266117e-05 }, "geometry": { "type": "Polygon", "coordinates": [ [ [ 10.1028064, 36.6629005, 0.0 ], [ 10.1014181, 36.6638355, 0.0 ], [ 10.1011264, 36.6635121, 0.0 ], [ 10.1006136, 36.6631435, 0.0 ], [ 10.1000138, 36.662721, 0.0 ], [ 10.0995683, 36.6623947, 0.0 ], [ 10.0989667, 36.6619999, 0.0 ], [ 10.0991151, 36.6619915, 0.0 ], [ 10.0992218, 36.6619976, 0.0 ], [ 10.0993199, 36.6620253, 0.0 ], [ 10.0994446, 36.6620528, 0.0 ], [ 10.099507, 36.6620666, 0.0 ], [ 10.09956, 36.6620518, 0.0 ], [ 10.099604, 36.6620227, 0.0 ], [ 10.1039303, 36.6596072, 0.0 ], [ 10.107023, 36.657897, 0.0 ], [ 10.1098598, 36.6563036, 0.0 ], [ 10.109866, 36.6563008, 0.0 ], [ 10.1112833, 36.6568384, 0.0 ], [ 10.1100965, 36.6588759, 0.0 ], [ 10.1096179, 36.6585369, 0.0 ], [ 10.1065043, 36.660648, 0.0 ], [ 10.1049912, 36.6616567, 0.0 ], [ 10.1046567, 36.6618673, 0.0 ], [ 10.1042338, 36.6621073, 0.0 ], [ 10.1040047, 36.6622311, 0.0 ], [ 10.1036344, 36.6624205, 0.0 ], [ 10.1028064, 36.6629005, 0.0 ] ] ] } },
{ "type": "Feature", "properties": { "OBJECTID": 2553, "ID": 0, "SUP": 11.002, "Shape_Leng": 0.0161098471167, "Shape_Area": 1.1095175175e-05 }, "geometry": { "type": "Polygon", "coordinates": [ [ [ 10.1174554, 36.6614764, 0.0 ], [ 10.1163341, 36.6629409, 0.0 ], [ 10.1158707, 36.6634503, 0.0 ], [ 10.1156562, 36.6632849, 0.0 ], [ 10.1158697, 36.6630998, 0.0 ], [ 10.115571, 36.6628824, 0.0 ], [ 10.1149959, 36.6633551, 0.0 ], [ 10.115188, 36.6634798, 0.0 ], [ 10.1150615, 36.6636454, 0.0 ], [ 10.1150448, 36.6636656, 0.0 ], [ 10.1149611, 36.6637602, 0.0 ], [ 10.1147014, 36.6640692, 0.0 ], [ 10.1150904, 36.664308, 0.0 ], [ 10.1147648, 36.6646658, 0.0 ], [ 10.1146202, 36.6644845, 0.0 ], [ 10.1143347, 36.6640991, 0.0 ], [ 10.1139834, 36.663625, 0.0 ], [ 10.112648, 36.6620255, 0.0 ], [ 10.1159223, 36.6595556, 0.0 ], [ 10.1159323, 36.6596006, 0.0 ], [ 10.1160249, 36.6598645, 0.0 ], [ 10.1161878, 36.6600705, 0.0 ], [ 10.1166315, 36.6606602, 0.0 ], [ 10.1170738, 36.6611569, 0.0 ], [ 10.1174554, 36.6614764, 0.0 ] ] ] } },
{ "type": "Feature", "properties": { "OBJECTID": 2571, "ID": 0, "SUP": 5.165, "Shape_Leng": 0.0094100928929500005, "Shape_Area": 5.2077319882900001e-06 }, "geometry": { "type": "Polygon", "coordinates": [ [ [ 10.0907861, 36.6397252, 0.0 ], [ 10.0921651, 36.6409719, 0.0 ], [ 10.0901273, 36.6425456, 0.0 ], [ 10.0899484, 36.6424518, 0.0 ], [ 10.0894549, 36.6420229, 0.0 ], [ 10.0889537, 36.6415874, 0.0 ], [ 10.0889323, 36.6415689, 0.0 ], [ 10.0884383, 36.6411395, 0.0 ], [ 10.0884583, 36.6411275, 0.0 ], [ 10.0891757, 36.6406953, 0.0 ], [ 10.0892036, 36.6406785, 0.0 ], [ 10.0892355, 36.6407088, 0.0 ], [ 10.0907861, 36.6397252, 0.0 ] ] ] } },
{ "type": "Feature", "properties": { "OBJECTID": 2573, "ID": 0, "SUP": 17.892, "Shape_Leng": 0.017436658611400001, "Shape_Area": 1.80435311815e-05 }, "geometry": { "type": "Polygon", "coordinates": [ [ [ 10.0869978, 36.6622303, 0.0 ], [ 10.0862097, 36.6625438, 0.0 ], [ 10.0859217, 36.6612765, 0.0 ], [ 10.0855756, 36.659355, 0.0 ], [ 10.0874429, 36.6586412, 0.0 ], [ 10.0894226, 36.6579553, 0.0 ], [ 10.0908679, 36.6575044, 0.0 ], [ 10.0908784, 36.6575476, 0.0 ], [ 10.0910134, 36.6581008, 0.0 ], [ 10.0911269, 36.6590928, 0.0 ], [ 10.0912479, 36.6598743, 0.0 ], [ 10.0912685, 36.6602916, 0.0 ], [ 10.0913035, 36.6604955, 0.0 ], [ 10.0912599, 36.6605646, 0.0 ], [ 10.09121, 36.6606308, 0.0 ], [ 10.0911539, 36.6606937, 0.0 ], [ 10.0910921, 36.660753, 0.0 ], [ 10.0910249, 36.6608084, 0.0 ], [ 10.0909527, 36.6608595, 0.0 ], [ 10.0908759, 36.6609061, 0.0 ], [ 10.0907949, 36.6609479, 0.0 ], [ 10.0907102, 36.6609845, 0.0 ], [ 10.0904159, 36.6611065, 0.0 ], [ 10.088451, 36.6617442, 0.0 ], [ 10.088412, 36.6617569, 0.0 ], [ 10.0873276, 36.6621032, 0.0 ], [ 10.0869978, 36.6622303, 0.0 ] ] ] } },
{ "type": "Feature", "properties": { "OBJECTID": 2631, "ID": 0, "SUP": 30.69, "Shape_Leng": 0.0285734324889, "Shape_Area": 3.0905936851799998e-05 }, "geometry": { "type": "Polygon", "coordinates": [ [ [ 10.1592068, 36.5490757, 0.0 ], [ 10.1593529, 36.5490325, 0.0 ], [ 10.1598192, 36.5487918, 0.0 ], [ 10.1601725, 36.5486954, 0.0 ], [ 10.1605474, 36.5485594, 0.0 ], [ 10.1610464, 36.5484186, 0.0 ], [ 10.1616292, 36.5482554, 0.0 ], [ 10.1618737, 36.5482146, 0.0 ], [ 10.1621068, 36.5481757, 0.0 ], [ 10.1626058, 36.5480349, 0.0 ], [ 10.1629207, 36.5480354, 0.0 ], [ 10.1631417, 36.5479903, 0.0 ], [ 10.1633218, 36.5478812, 0.0 ], [ 10.1634979, 36.5477198, 0.0 ], [ 10.163523, 36.5476968, 0.0 ], [ 10.1636639, 36.5476275, 0.0 ], [ 10.1640459, 36.5475673, 0.0 ], [ 10.1640131, 36.5477147, 0.0 ], [ 10.1640098, 36.5477298, 0.0 ], [ 10.1639962, 36.5477866, 0.0 ], [ 10.1640001, 36.5478486, 0.0 ], [ 10.1640287, 36.5479843, 0.0 ], [ 10.1640662, 36.548067, 0.0 ], [ 10.164201, 36.5482354, 0.0 ], [ 10.1643199, 36.5482796, 0.0 ], [ 10.1644878, 36.5482445, 0.0 ], [ 10.1645307, 36.5481439, 0.0 ], [ 10.1645805, 36.5481124, 0.0 ], [ 10.1646871, 36.5481257, 0.0 ], [ 10.1647501, 36.5481919, 0.0 ], [ 10.1648256, 36.5484636, 0.0 ], [ 10.1649442, 36.5486597, 0.0 ], [ 10.1651538, 36.5488915, 0.0 ], [ 10.1651987, 36.5489269, 0.0 ], [ 10.1653407, 36.5489374, 0.0 ], [ 10.1655763, 36.5488755, 0.0 ], [ 10.1657797, 36.5488519, 0.0 ], [ 10.1660282, 36.5488496, 0.0 ], [ 10.1661647, 36.5488864, 0.0 ], [ 10.1662395, 36.5489429, 0.0 ], [ 10.1663134, 36.5491426, 0.0 ], [ 10.1662762, 36.549224, 0.0 ], [ 10.1661799, 36.5493084, 0.0 ], [ 10.1661696, 36.5494087, 0.0 ], [ 10.1660863, 36.549567, 0.0 ], [ 10.1659968, 36.5497109, 0.0 ], [ 10.1659586, 36.5498636, 0.0 ], [ 10.165943, 36.549994, 0.0 ], [ 10.1659524, 36.5501001, 0.0 ], [ 10.1659943, 36.5502268, 0.0 ], [ 10.1660845, 36.5503521, 0.0 ], [ 10.1660921, 36.5504805, 0.0 ], [ 10.1659949, 36.5505672, 0.0 ], [ 10.1658517, 36.5508787, 0.0 ], [ 10.1658479, 36.5510147, 0.0 ], [ 10.1659257, 36.5510783, 0.0 ], [ 10.1660388, 36.5511297, 0.0 ], [ 10.1660586, 36.5512419, 0.0 ], [ 10.1661675, 36.5516697, 0.0 ], [ 10.1664122, 36.5521841, 0.0 ], [ 10.166474, 36.5524625, 0.0 ], [ 10.1664836, 36.5526743, 0.0 ], [ 10.1667133, 36.5530441, 0.0 ], [ 10.1667517, 36.5531694, 0.0 ], [ 10.1667777, 36.5532491, 0.0 ], [ 10.1661342, 36.5532557, 0.0 ], [ 10.1659657, 36.5532498, 0.0 ], [ 10.1658628, 36.5532462, 0.0 ], [ 10.1657835, 36.5532474, 0.0 ], [ 10.1657054, 36.5532359, 0.0 ], [ 10.1656566, 36.5532287, 0.0 ], [ 10.1656076, 36.5532215, 0.0 ], [ 10.165509, 36.5532069, 0.0 ], [ 10.1654237, 36.5531944, 0.0 ], [ 10.1653743, 36.5531853, 0.0 ], [ 10.1652251, 36.5531578, 0.0 ], [ 10.1650375, 36.5531233, 0.0 ], [ 10.1649387, 36.5531051, 0.0 ], [ 10.1648914, 36.5530964, 0.0 ], [ 10.1647065, 36.5530472, 0.0 ], [ 10.1644003, 36.5529543, 0.0 ], [ 10.1641686, 36.5528839, 0.0 ], [ 10.1638473, 36.5527216, 0.0 ], [ 10.1627516, 36.5521795, 0.0 ], [ 10.1622993, 36.5519559, 0.0 ], [ 10.1621652, 36.5518874, 0.0 ], [ 10.1620004, 36.5517629, 0.0 ], [ 10.1618992, 36.5516673, 0.0 ], [ 10.1617984, 36.5516012, 0.0 ], [ 10.1616574, 36.5515086, 0.0 ], [ 10.1614598, 36.5514193, 0.0 ], [ 10.161333, 36.5513884, 0.0 ], [ 10.1611127, 36.5513342, 0.0 ], [ 10.1608627, 36.551299, 0.0 ], [ 10.1604935, 36.5512946, 0.0 ], [ 10.1601153, 36.5513215, 0.0 ], [ 10.1595044, 36.5513883, 0.0 ], [ 10.1579153, 36.5515755, 0.0 ], [ 10.1570081, 36.5516987, 0.0 ], [ 10.1566408, 36.5517488, 0.0 ], [ 10.1564816, 36.5517826, 0.0 ], [ 10.1562869, 36.5518095, 0.0 ], [ 10.1561938, 36.5518068, 0.0 ], [ 10.1562156, 36.5515165, 0.0 ], [ 10.1564957, 36.5512463, 0.0 ], [ 10.1569409, 36.5508271, 0.0 ], [ 10.1573208, 36.5504388, 0.0 ], [ 10.1578033, 36.5500835, 0.0 ], [ 10.1580137, 36.549924, 0.0 ], [ 10.1580982, 36.5497676, 0.0 ], [ 10.1581035, 36.549757, 0.0 ], [ 10.1581147, 36.549755, 0.0 ], [ 10.1581153, 36.5497549, 0.0 ], [ 10.1581884, 36.5497486, 0.0 ], [ 10.1583271, 36.5495326, 0.0 ], [ 10.1587439, 36.5492317, 0.0 ], [ 10.1589776, 36.5491435, 0.0 ], [ 10.1592068, 36.5490757, 0.0 ] ] ] } },
{ "type": "Feature", "properties": { "OBJECTID": 2637, "ID": 0, "SUP": 3.009, "Shape_Leng": 0.0086645234956500006, "Shape_Area": 3.0299551050400002e-06 }, "geometry": { "type": "Polygon", "coordinates": [ [ [ 10.1580982, 36.5497676, 0.0 ], [ 10.1580137, 36.549924, 0.0 ], [ 10.1578033, 36.5500835, 0.0 ], [ 10.1573208, 36.5504388, 0.0 ], [ 10.1569409, 36.5508271, 0.0 ], [ 10.1564957, 36.5512463, 0.0 ], [ 10.1562156, 36.5515165, 0.0 ], [ 10.1561938, 36.5518068, 0.0 ], [ 10.1557381, 36.5519253, 0.0 ], [ 10.1556649, 36.5519153, 0.0 ], [ 10.1555541, 36.5519056, 0.0 ], [ 10.1555006, 36.551862, 0.0 ], [ 10.1554158, 36.5515447, 0.0 ], [ 10.1553598, 36.5513356, 0.0 ], [ 10.1548255, 36.5504054, 0.0 ], [ 10.1548178, 36.5503999, 0.0 ], [ 10.154822, 36.5503996, 0.0 ], [ 10.1548548, 36.550373, 0.0 ], [ 10.1552879, 36.5502991, 0.0 ], [ 10.1556017, 36.5503343, 0.0 ], [ 10.1557905, 36.5503085, 0.0 ], [ 10.1562019, 36.5501376, 0.0 ], [ 10.1564197, 36.550083, 0.0 ], [ 10.1566488, 36.5499806, 0.0 ], [ 10.1569788, 36.5499059, 0.0 ], [ 10.1571664, 36.5497991, 0.0 ], [ 10.1575038, 36.5498244, 0.0 ], [ 10.1576566, 36.5497657, 0.0 ], [ 10.1577931, 36.5498026, 0.0 ], [ 10.15803, 36.5497703, 0.0 ], [ 10.1581035, 36.549757, 0.0 ], [ 10.1580982, 36.5497676, 0.0 ] ] ] } },
{ "type": "Feature", "properties": { "OBJECTID": 2638, "ID": 0, "SUP": 4.671, "Shape_Leng": 0.010201530217800001, "Shape_Area": 4.7042056888999997e-06 }, "geometry": { "type": "Polygon", "coordinates": [ [ [ 10.1640131, 36.5477147, 0.0 ], [ 10.1640459, 36.5475673, 0.0 ], [ 10.164124, 36.547555, 0.0 ], [ 10.1647972, 36.547509, 0.0 ], [ 10.1650336, 36.5474776, 0.0 ], [ 10.1650584, 36.5474743, 0.0 ], [ 10.1651637, 36.5474053, 0.0 ], [ 10.1653384, 36.5472211, 0.0 ], [ 10.1655552, 36.5469006, 0.0 ], [ 10.165739, 36.5467378, 0.0 ], [ 10.1659832, 36.5466049, 0.0 ], [ 10.1661592, 36.5464553, 0.0 ], [ 10.1661999, 36.5463304, 0.0 ], [ 10.1662895, 36.5463647, 0.0 ], [ 10.1665245, 36.5464472, 0.0 ], [ 10.1666066, 36.5464358, 0.0 ], [ 10.1667061, 36.546695, 0.0 ], [ 10.1669146, 36.5471986, 0.0 ], [ 10.1671908, 36.5482645, 0.0 ], [ 10.1672565, 36.5485546, 0.0 ], [ 10.1671241, 36.5486143, 0.0 ], [ 10.1668716, 36.5487778, 0.0 ], [ 10.1667174, 36.5488478, 0.0 ], [ 10.1666503, 36.5488097, 0.0 ], [ 10.166486, 36.5486951, 0.0 ], [ 10.1663331, 36.5485982, 0.0 ], [ 10.1662213, 36.5485396, 0.0 ], [ 10.1660615, 36.5484786, 0.0 ], [ 10.1659247, 36.5484484, 0.0 ], [ 10.1658657, 36.5484609, 0.0 ], [ 10.1658367, 36.548497, 0.0 ], [ 10.1658526, 36.5485684, 0.0 ], [ 10.165883, 36.5486277, 0.0 ], [ 10.1658394, 36.5486758, 0.0 ], [ 10.1657819, 36.5487837, 0.0 ], [ 10.1657797, 36.5488519, 0.0 ], [ 10.1655763, 36.5488755, 0.0 ], [ 10.1653407, 36.5489374, 0.0 ], [ 10.1651987, 36.5489269, 0.0 ], [ 10.1651538, 36.5488915, 0.0 ], [ 10.1649442, 36.5486597, 0.0 ], [ 10.1648256, 36.5484636, 0.0 ], [ 10.1647501, 36.5481919, 0.0 ], [ 10.1646871, 36.5481257, 0.0 ], [ 10.1645805, 36.5481124, 0.0 ], [ 10.1645307, 36.5481439, 0.0 ], [ 10.1644878, 36.5482445, 0.0 ], [ 10.1643199, 36.5482796, 0.0 ], [ 10.164201, 36.5482354, 0.0 ], [ 10.1640662, 36.548067, 0.0 ], [ 10.1640287, 36.5479843, 0.0 ], [ 10.1640001, 36.5478486, 0.0 ], [ 10.1639962, 36.5477866, 0.0 ], [ 10.1640098, 36.5477298, 0.0 ], [ 10.1640131, 36.5477147, 0.0 ] ] ] } },
{ "type": "Feature", "properties": { "OBJECTID": 3103, "ID": 0, "SUP": 9.985, "Shape_Leng": 0.015093764770899999, "Shape_Area": 1.00621500781e-05 }, "geometry": { "type": "Polygon", "coordinates": [ [ [ 10.1404066, 36.6023095, 0.0 ], [ 10.1404799, 36.6023088, 0.0 ], [ 10.1405357, 36.6029582, 0.0 ], [ 10.1405241, 36.6031789, 0.0 ], [ 10.1404742, 36.6033046, 0.0 ], [ 10.140432, 36.6034541, 0.0 ], [ 10.1403334, 36.6037889, 0.0 ], [ 10.1403362, 36.6038052, 0.0 ], [ 10.1401793, 36.6040059, 0.0 ], [ 10.1400414, 36.6040078, 0.0 ], [ 10.1347262, 36.6040809, 0.0 ], [ 10.1343734, 36.6023671, 0.0 ], [ 10.1404066, 36.6023095, 0.0 ] ] ] } },
{ "type": "Feature", "properties": { "OBJECTID": 3108, "ID": 0, "SUP": 28.938, "Shape_Leng": 0.0225404601077, "Shape_Area": 2.9197359811600001e-05 }, "geometry": { "type": "Polygon", "coordinates": [ [ [ 10.222586, 36.704283, 0.0 ], [ 10.222492, 36.7046004, 0.0 ], [ 10.2216807, 36.7044796, 0.0 ], [ 10.2213541, 36.7046549, 0.0 ], [ 10.2213492, 36.7046528, 0.0 ], [ 10.2201032, 36.7040307, 0.0 ], [ 10.2191503, 36.7034326, 0.0 ], [ 10.2179227, 36.7027797, 0.0 ], [ 10.2167554, 36.7022147, 0.0 ], [ 10.2170562, 36.7015957, 0.0 ], [ 10.2171224, 36.7014661, 0.0 ], [ 10.2176515, 36.6999925, 0.0 ], [ 10.2179094, 36.6992044, 0.0 ], [ 10.217901, 36.6986718, 0.0 ], [ 10.2178963, 36.698374, 0.0 ], [ 10.2178869, 36.6977771, 0.0 ], [ 10.21875, 36.6982278, 0.0 ], [ 10.2201372, 36.6988451, 0.0 ], [ 10.2217382, 36.699413, 0.0 ], [ 10.2229411, 36.6998663, 0.0 ], [ 10.2238619, 36.7001336, 0.0 ], [ 10.2241961, 36.7002306, 0.0 ], [ 10.2241961, 36.7002306, 0.0 ], [ 10.224191, 36.700242, 0.0 ], [ 10.2235937, 36.7015761, 0.0 ], [ 10.2235937, 36.7015763, 0.0 ], [ 10.2229845, 36.702937, 0.0 ], [ 10.2225862, 36.7042823, 0.0 ], [ 10.222586, 36.704283, 0.0 ] ] ] } },
{ "type": "Feature", "properties": { "OBJECTID": 3435, "ID": 0, "SUP": 22.611, "Shape_Leng": 0.046500251580900001, "Shape_Area": 2.27672857294e-05 }, "geometry": { "type": "MultiPolygon", "coordinates": [ [ [ [ 10.3015167, 36.54296, 0.0 ], [ 10.3015209, 36.5429761, 0.0 ], [ 10.3015209, 36.5429761, 0.0 ], [ 10.3015167, 36.54296, 0.0 ] ] ], [ [ [ 10.2996116, 36.5432912, 0.0 ], [ 10.2995393, 36.5430706, 0.0 ], [ 10.2994223, 36.5429565, 0.0 ], [ 10.2994943, 36.5429443, 0.0 ], [ 10.2999731, 36.542863, 0.0 ], [ 10.3001251, 36.5428372, 0.0 ], [ 10.3009522, 36.5426967, 0.0 ], [ 10.3009586, 36.5426956, 0.0 ], [ 10.3009624, 36.5427682, 0.0 ], [ 10.3009506, 36.5428061, 0.0 ], [ 10.3008764, 36.5428472, 0.0 ], [ 10.300753, 36.5429265, 0.0 ], [ 10.3005083, 36.5430248, 0.0 ], [ 10.3002416, 36.5431082, 0.0 ], [ 10.2999618, 36.5431616, 0.0 ], [ 10.2999624, 36.5431993, 0.0 ], [ 10.3000357, 36.5432916, 0.0 ], [ 10.3001225, 36.5434492, 0.0 ], [ 10.3001498, 36.5435873, 0.0 ], [ 10.3001049, 36.543701, 0.0 ], [ 10.3000842, 36.5437692, 0.0 ], [ 10.3001113, 36.5438922, 0.0 ], [ 10.3002109, 36.5440697, 0.0 ], [ 10.2999659, 36.5439642, 0.0 ], [ 10.2998209, 36.5438702, 0.0 ], [ 10.2995793, 36.5437848, 0.0 ], [ 10.2995671, 36.5436138, 0.0 ], [ 10.2996142, 36.5434472, 0.0 ], [ 10.2996116, 36.5432912, 0.0 ] ] ], [ [ [ 10.2968243, 36.5437492, 0.0 ], [ 10.2974275, 36.5434741, 0.0 ], [ 10.2974275, 36.5434741, 0.0 ], [ 10.2974275, 36.5434741, 0.0 ], [ 10.2968304, 36.5438508, 0.0 ], [ 10.2968243, 36.5437492, 0.0 ] ] ], [ [ [ 10.2968412, 36.5440336, 0.0 ], [ 10.2968412, 36.5440336, 0.0 ], [ 10.2968412, 36.5440336, 0.0 ], [ 10.2968481, 36.5441495, 0.0 ], [ 10.2968481, 36.5441495, 0.0 ], [ 10.2968481, 36.5441495, 0.0 ], [ 10.2968412, 36.5440336, 0.0 ] ] ], [ [ [ 10.3059986, 36.5473729, 0.0 ], [ 10.306037, 36.5471382, 0.0 ], [ 10.3060501, 36.5470863, 0.0 ], [ 10.3072453, 36.5474487, 0.0 ], [ 10.3072533, 36.5474511, 0.0 ], [ 10.3072336, 36.5476421, 0.0 ], [ 10.3072312, 36.5476814, 0.0 ], [ 10.3073014, 36.5479601, 0.0 ], [ 10.3070383, 36.5478836, 0.0 ], [ 10.3065493, 36.5477572, 0.0 ], [ 10.3064244, 36.5476976, 0.0 ], [ 10.3063938, 36.5476784, 0.0 ], [ 10.3063755, 36.5476664, 0.0 ], [ 10.3063512, 36.5476618, 0.0 ], [ 10.3063211, 36.5476694, 0.0 ], [ 10.3062944, 36.547699, 0.0 ], [ 10.3062656, 36.5477847, 0.0 ], [ 10.3062332, 36.5480168, 0.0 ], [ 10.3062079, 36.5481342, 0.0 ], [ 10.306155, 36.5482226, 0.0 ], [ 10.3060381, 36.5482825, 0.0 ], [ 10.3059235, 36.5483008, 0.0 ], [ 10.3057358, 36.5482906, 0.0 ], [ 10.3054598, 36.5482351, 0.0 ], [ 10.3052408, 36.5481619, 0.0 ], [ 10.304963, 36.5480039, 0.0 ], [ 10.3046164, 36.547893, 0.0 ], [ 10.3040764, 36.5477891, 0.0 ], [ 10.3036019, 36.5477992, 0.0 ], [ 10.3033193, 36.5478075, 0.0 ], [ 10.3033036, 36.5478598, 0.0 ], [ 10.3034017, 36.5479417, 0.0 ], [ 10.3038099, 36.5481226, 0.0 ], [ 10.3039564, 36.548204, 0.0 ], [ 10.3043467, 36.5483949, 0.0 ], [ 10.304539, 36.5486856, 0.0 ], [ 10.3048373, 36.5491605, 0.0 ], [ 10.3053161, 36.5495846, 0.0 ], [ 10.3055134, 36.5498069, 0.0 ], [ 10.3056853, 36.5499563, 0.0 ], [ 10.3062018, 36.5501068, 0.0 ], [ 10.3062961, 36.5501786, 0.0 ], [ 10.3064714, 36.5500756, 0.0 ], [ 10.3062499, 36.5502057, 0.0 ], [ 10.3059277, 36.5503949, 0.0 ], [ 10.3055329, 36.5503405, 0.0 ], [ 10.3049797, 36.5501924, 0.0 ], [ 10.3044296, 36.5502256, 0.0 ], [ 10.3046118, 36.5496977, 0.0 ], [ 10.304507, 36.5494812, 0.0 ], [ 10.3032629, 36.5490142, 0.0 ], [ 10.3028874, 36.5494082, 0.0 ], [ 10.3013376, 36.5494705, 0.0 ], [ 10.3002923, 36.5486736, 0.0 ], [ 10.300165, 36.5485765, 0.0 ], [ 10.2995963, 36.548143, 0.0 ], [ 10.2995963, 36.548143, 0.0 ], [ 10.2993083, 36.5479234, 0.0 ], [ 10.2989853, 36.5476771, 0.0 ], [ 10.2990955, 36.5477374, 0.0 ], [ 10.2994828, 36.5479381, 0.0 ], [ 10.2995228, 36.5477937, 0.0 ], [ 10.2994147, 36.5476607, 0.0 ], [ 10.299262, 36.5475721, 0.0 ], [ 10.2991756, 36.5474681, 0.0 ], [ 10.2990263, 36.5474015, 0.0 ], [ 10.2989717, 36.5473899, 0.0 ], [ 10.2988991, 36.5473882, 0.0 ], [ 10.2988527, 36.5473253, 0.0 ], [ 10.2987484, 36.5472361, 0.0 ], [ 10.298428, 36.5470591, 0.0 ], [ 10.2984487, 36.5468539, 0.0 ], [ 10.2983919, 36.5467106, 0.0 ], [ 10.29836, 36.5466085, 0.0 ], [ 10.2984062, 36.5462981, 0.0 ], [ 10.2983861, 36.5461861, 0.0 ], [ 10.298241, 36.5460072, 0.0 ], [ 10.2979882, 36.5457123, 0.0 ], [ 10.2976735, 36.5453375, 0.0 ], [ 10.2976869, 36.5452325, 0.0 ], [ 10.2976934, 36.5450836, 0.0 ], [ 10.2976839, 36.5448763, 0.0 ], [ 10.2976429, 36.5447743, 0.0 ], [ 10.2975728, 36.5447385, 0.0 ], [ 10.2974963, 36.5446881, 0.0 ], [ 10.2974801, 36.5446199, 0.0 ], [ 10.2975638, 36.5443824, 0.0 ], [ 10.2975813, 36.5441626, 0.0 ], [ 10.297596, 36.5439599, 0.0 ], [ 10.2976031, 36.5438428, 0.0 ], [ 10.2976884, 36.5438784, 0.0 ], [ 10.2977804, 36.5439555, 0.0 ], [ 10.297894, 36.5440616, 0.0 ], [ 10.2979951, 36.5441361, 0.0 ], [ 10.2981139, 36.5441885, 0.0 ], [ 10.2981901, 36.5442267, 0.0 ], [ 10.2982835, 36.5442086, 0.0 ], [ 10.2983099, 36.5441595, 0.0 ], [ 10.2981973, 36.5441144, 0.0 ], [ 10.298141, 36.5440676, 0.0 ], [ 10.2982965, 36.5440197, 0.0 ], [ 10.2979229, 36.5435322, 0.0 ], [ 10.2977222, 36.5432702, 0.0 ], [ 10.2977222, 36.5432702, 0.0 ], [ 10.2979229, 36.5435322, 0.0 ], [ 10.2980025, 36.5436361, 0.0 ], [ 10.2982574, 36.5439088, 0.0 ], [ 10.2983799, 36.5440026, 0.0 ], [ 10.2986148, 36.5441294, 0.0 ], [ 10.2985416, 36.5442717, 0.0 ], [ 10.2985857, 36.5445615, 0.0 ], [ 10.2986473, 36.5446267, 0.0 ], [ 10.2987368, 36.5447356, 0.0 ], [ 10.298823, 36.5448273, 0.0 ], [ 10.2989603, 36.5449015, 0.0 ], [ 10.2993127, 36.5449976, 0.0 ], [ 10.299564, 36.5450193, 0.0 ], [ 10.299715, 36.5450103, 0.0 ], [ 10.2998777, 36.544972, 0.0 ], [ 10.3000495, 36.5449408, 0.0 ], [ 10.3001203, 36.5450181, 0.0 ], [ 10.3002071, 36.5451416, 0.0 ], [ 10.3004354, 36.5452367, 0.0 ], [ 10.3004984, 36.5452426, 0.0 ], [ 10.3006175, 36.5455082, 0.0 ], [ 10.3006175, 36.5455082, 0.0 ], [ 10.3006175, 36.5455082, 0.0 ], [ 10.300994, 36.5455765, 0.0 ], [ 10.3011553, 36.5456057, 0.0 ], [ 10.301339, 36.5456598, 0.0 ], [ 10.3014563, 36.5456944, 0.0 ], [ 10.3035249, 36.5463037, 0.0 ], [ 10.3035912, 36.5463233, 0.0 ], [ 10.3035946, 36.5463243, 0.0 ], [ 10.3038012, 36.5463893, 0.0 ], [ 10.3035785, 36.5469492, 0.0 ], [ 10.3034609, 36.5473389, 0.0 ], [ 10.3040502, 36.5474845, 0.0 ], [ 10.3046637, 36.5476485, 0.0 ], [ 10.3050243, 36.5476958, 0.0 ], [ 10.3053507, 36.5478655, 0.0 ], [ 10.305563, 36.5479046, 0.0 ], [ 10.3057564, 36.5478927, 0.0 ], [ 10.3058608, 36.5478111, 0.0 ], [ 10.3059147, 36.5475982, 0.0 ], [ 10.3059986, 36.5473729, 0.0 ] ], [ [ 10.2979613, 36.5438128, 0.0 ], [ 10.2979613, 36.5438128, 0.0 ], [ 10.2979613, 36.5438128, 0.0 ], [ 10.2979613, 36.5438128, 0.0 ] ], [ [ 10.2976004, 36.5466211, 0.0 ], [ 10.2976004, 36.5466211, 0.0 ], [ 10.2976004, 36.5466211, 0.0 ], [ 10.2976004, 36.5466211, 0.0 ], [ 10.2976004, 36.5466211, 0.0 ] ] ] ] } },
{ "type": "Feature", "properties": { "OBJECTID": 3580, "ID": 0, "SUP": 47.03, "Shape_Leng": 0.033121497320799997, "Shape_Area": 4.73603490904e-05 }, "geometry": { "type": "Polygon", "coordinates": [ [ [ 10.1703464, 36.552321, 0.0 ], [ 10.1702822, 36.5523789, 0.0 ], [ 10.170037, 36.5525864, 0.0 ], [ 10.1699322, 36.5526924, 0.0 ], [ 10.1697857, 36.5527797, 0.0 ], [ 10.1694864, 36.5529257, 0.0 ], [ 10.1690812, 36.553111, 0.0 ], [ 10.1687281, 36.5532241, 0.0 ], [ 10.1684452, 36.5532794, 0.0 ], [ 10.1681973, 36.5533104, 0.0 ], [ 10.1679195, 36.5533131, 0.0 ], [ 10.1675762, 36.5532927, 0.0 ], [ 10.1671619, 36.5532633, 0.0 ], [ 10.1667777, 36.5532491, 0.0 ], [ 10.1667517, 36.5531694, 0.0 ], [ 10.1667133, 36.5530441, 0.0 ], [ 10.1664836, 36.5526743, 0.0 ], [ 10.166474, 36.5524625, 0.0 ], [ 10.1664122, 36.5521841, 0.0 ], [ 10.1661675, 36.5516697, 0.0 ], [ 10.1660586, 36.5512419, 0.0 ], [ 10.1660388, 36.5511297, 0.0 ], [ 10.1659257, 36.5510783, 0.0 ], [ 10.1658479, 36.5510147, 0.0 ], [ 10.1658517, 36.5508787, 0.0 ], [ 10.1659949, 36.5505672, 0.0 ], [ 10.1660921, 36.5504805, 0.0 ], [ 10.1660845, 36.5503521, 0.0 ], [ 10.1659943, 36.5502268, 0.0 ], [ 10.1659524, 36.5501001, 0.0 ], [ 10.165943, 36.549994, 0.0 ], [ 10.1659586, 36.5498636, 0.0 ], [ 10.1659968, 36.5497109, 0.0 ], [ 10.1660863, 36.549567, 0.0 ], [ 10.1661696, 36.5494087, 0.0 ], [ 10.1661799, 36.5493084, 0.0 ], [ 10.1662762, 36.549224, 0.0 ], [ 10.1663134, 36.5491426, 0.0 ], [ 10.1662395, 36.5489429, 0.0 ], [ 10.1661647, 36.5488864, 0.0 ], [ 10.1660282, 36.5488496, 0.0 ], [ 10.1657797, 36.5488519, 0.0 ], [ 10.1657819, 36.5487837, 0.0 ], [ 10.1658394, 36.5486758, 0.0 ], [ 10.165883, 36.5486277, 0.0 ], [ 10.1658526, 36.5485684, 0.0 ], [ 10.1658367, 36.548497, 0.0 ], [ 10.1658657, 36.5484609, 0.0 ], [ 10.1659247, 36.5484484, 0.0 ], [ 10.1660615, 36.5484786, 0.0 ], [ 10.1662213, 36.5485396, 0.0 ], [ 10.1663331, 36.5485982, 0.0 ], [ 10.166486, 36.5486951, 0.0 ], [ 10.1666503, 36.5488097, 0.0 ], [ 10.1667174, 36.5488478, 0.0 ], [ 10.1668716, 36.5487778, 0.0 ], [ 10.1671241, 36.5486143, 0.0 ], [ 10.1672565, 36.5485546, 0.0 ], [ 10.1671908, 36.5482645, 0.0 ], [ 10.1669146, 36.5471986, 0.0 ], [ 10.1667061, 36.546695, 0.0 ], [ 10.1666066, 36.5464358, 0.0 ], [ 10.1667569, 36.5464149, 0.0 ], [ 10.166844, 36.5464028, 0.0 ], [ 10.1669811, 36.5463581, 0.0 ], [ 10.1670992, 36.5463196, 0.0 ], [ 10.16722, 36.5462803, 0.0 ], [ 10.1672681, 36.5462638, 0.0 ], [ 10.167415, 36.5462137, 0.0 ], [ 10.1675226, 36.5461769, 0.0 ], [ 10.1675976, 36.5461513, 0.0 ], [ 10.1676162, 36.5461449, 0.0 ], [ 10.1676405, 36.5461366, 0.0 ], [ 10.1676659, 36.5461322, 0.0 ], [ 10.1677984, 36.5461088, 0.0 ], [ 10.1680749, 36.54606, 0.0 ], [ 10.1681048, 36.5460495, 0.0 ], [ 10.168134, 36.5460393, 0.0 ], [ 10.1681592, 36.5460305, 0.0 ], [ 10.1681813, 36.5460227, 0.0 ], [ 10.1682122, 36.5460119, 0.0 ], [ 10.1682415, 36.5460016, 0.0 ], [ 10.1682739, 36.5459903, 0.0 ], [ 10.1683208, 36.5459738, 0.0 ], [ 10.1684047, 36.5459444, 0.0 ], [ 10.1684528, 36.5459276, 0.0 ], [ 10.1685357, 36.5458985, 0.0 ], [ 10.1686208, 36.5458687, 0.0 ], [ 10.1686576, 36.5458558, 0.0 ], [ 10.1686576, 36.5458558, 0.0 ], [ 10.1687119, 36.5458367, 0.0 ], [ 10.1687161, 36.5458356, 0.0 ], [ 10.1687505, 36.5458265, 0.0 ], [ 10.168799, 36.5458136, 0.0 ], [ 10.1688532, 36.5457991, 0.0 ], [ 10.1688789, 36.5457923, 0.0 ], [ 10.1689708, 36.5457678, 0.0 ], [ 10.1690324, 36.5457514, 0.0 ], [ 10.1690766, 36.5457396, 0.0 ], [ 10.1690767, 36.5457396, 0.0 ], [ 10.1690946, 36.5457348, 0.0 ], [ 10.169096, 36.5457343, 0.0 ], [ 10.1691092, 36.5457291, 0.0 ], [ 10.1691879, 36.5456982, 0.0 ], [ 10.1692585, 36.5456704, 0.0 ], [ 10.1693018, 36.5456534, 0.0 ], [ 10.1693666, 36.545628, 0.0 ], [ 10.1694004, 36.5456147, 0.0 ], [ 10.1694368, 36.5456004, 0.0 ], [ 10.1694557, 36.5455929, 0.0 ], [ 10.1694689, 36.5455878, 0.0 ], [ 10.1694787, 36.5455839, 0.0 ], [ 10.169485, 36.5455814, 0.0 ], [ 10.169502, 36.5455748, 0.0 ], [ 10.169523, 36.5455665, 0.0 ], [ 10.1695311, 36.5455633, 0.0 ], [ 10.1695527, 36.5455548, 0.0 ], [ 10.1695708, 36.5455477, 0.0 ], [ 10.1695819, 36.5455434, 0.0 ], [ 10.1696029, 36.5455351, 0.0 ], [ 10.1696276, 36.5455254, 0.0 ], [ 10.1696396, 36.5455207, 0.0 ], [ 10.1696583, 36.5455134, 0.0 ], [ 10.1696812, 36.5455043, 0.0 ], [ 10.1696926, 36.5454999, 0.0 ], [ 10.1697172, 36.5454902, 0.0 ], [ 10.1697352, 36.5454831, 0.0 ], [ 10.1697531, 36.5454761, 0.0 ], [ 10.1697744, 36.5454678, 0.0 ], [ 10.1697865, 36.545463, 0.0 ], [ 10.1697928, 36.5454605, 0.0 ], [ 10.1698115, 36.5454532, 0.0 ], [ 10.1698287, 36.5454464, 0.0 ], [ 10.1698452, 36.5454399, 0.0 ], [ 10.1698539, 36.5454365, 0.0 ], [ 10.1698664, 36.5454316, 0.0 ], [ 10.1698836, 36.5454248, 0.0 ], [ 10.1698904, 36.5454221, 0.0 ], [ 10.1699077, 36.5454162, 0.0 ], [ 10.1699166, 36.5454132, 0.0 ], [ 10.1699272, 36.5454095, 0.0 ], [ 10.1699324, 36.5454077, 0.0 ], [ 10.1699447, 36.5454035, 0.0 ], [ 10.1699505, 36.5454015, 0.0 ], [ 10.1699578, 36.545399, 0.0 ], [ 10.1699709, 36.5453945, 0.0 ], [ 10.1699797, 36.5453915, 0.0 ], [ 10.1699895, 36.5453881, 0.0 ], [ 10.1699955, 36.545386, 0.0 ], [ 10.1700057, 36.5453825, 0.0 ], [ 10.1700168, 36.5453787, 0.0 ], [ 10.1700253, 36.5453758, 0.0 ], [ 10.1700327, 36.5453733, 0.0 ], [ 10.170036, 36.5453722, 0.0 ], [ 10.1700436, 36.5453695, 0.0 ], [ 10.1700545, 36.5453658, 0.0 ], [ 10.1700609, 36.5453636, 0.0 ], [ 10.170066, 36.5453618, 0.0 ], [ 10.170071, 36.5453601, 0.0 ], [ 10.170075, 36.5453587, 0.0 ], [ 10.1700862, 36.5453549, 0.0 ], [ 10.1700954, 36.5453518, 0.0 ], [ 10.1701033, 36.545349, 0.0 ], [ 10.1701075, 36.5453476, 0.0 ], [ 10.1701127, 36.5453458, 0.0 ], [ 10.1701202, 36.5453432, 0.0 ], [ 10.1701266, 36.545341, 0.0 ], [ 10.1701356, 36.5453379, 0.0 ], [ 10.170138, 36.5453371, 0.0 ], [ 10.170144, 36.545335, 0.0 ], [ 10.1701517, 36.5453324, 0.0 ], [ 10.1701578, 36.5453303, 0.0 ], [ 10.1701638, 36.5453282, 0.0 ], [ 10.1701832, 36.5453216, 0.0 ], [ 10.1701941, 36.5453179, 0.0 ], [ 10.1701974, 36.5453167, 0.0 ], [ 10.1702169, 36.54531, 0.0 ], [ 10.1702188, 36.5453094, 0.0 ], [ 10.1702278, 36.5453063, 0.0 ], [ 10.1702395, 36.5453023, 0.0 ], [ 10.1702492, 36.5452989, 0.0 ], [ 10.1702561, 36.5452966, 0.0 ], [ 10.1702615, 36.5452947, 0.0 ], [ 10.170274, 36.5452904, 0.0 ], [ 10.1702804, 36.5452882, 0.0 ], [ 10.1702884, 36.5452854, 0.0 ], [ 10.1702935, 36.5452837, 0.0 ], [ 10.1702967, 36.5452826, 0.0 ], [ 10.1703095, 36.5452782, 0.0 ], [ 10.1703199, 36.5452746, 0.0 ], [ 10.1703314, 36.5452707, 0.0 ], [ 10.1703354, 36.5452693, 0.0 ], [ 10.1703511, 36.5452639, 0.0 ], [ 10.1703664, 36.5452587, 0.0 ], [ 10.1703742, 36.545256, 0.0 ], [ 10.1703931, 36.5452495, 0.0 ], [ 10.1704107, 36.5452434, 0.0 ], [ 10.1704267, 36.5452379, 0.0 ], [ 10.1704397, 36.5452335, 0.0 ], [ 10.170448, 36.5452306, 0.0 ], [ 10.1704723, 36.5452223, 0.0 ], [ 10.1704891, 36.5452165, 0.0 ], [ 10.1705109, 36.545209, 0.0 ], [ 10.1705211, 36.5452055, 0.0 ], [ 10.1705289, 36.5452028, 0.0 ], [ 10.170539, 36.5451994, 0.0 ], [ 10.1705495, 36.5451958, 0.0 ], [ 10.1705596, 36.5451923, 0.0 ], [ 10.170567, 36.5451898, 0.0 ], [ 10.1705811, 36.5451849, 0.0 ], [ 10.1705995, 36.5451786, 0.0 ], [ 10.1706112, 36.5451746, 0.0 ], [ 10.1706299, 36.5451681, 0.0 ], [ 10.1706424, 36.5451639, 0.0 ], [ 10.1706493, 36.5451615, 0.0 ], [ 10.1706642, 36.5451564, 0.0 ], [ 10.1706799, 36.545151, 0.0 ], [ 10.1706893, 36.5451478, 0.0 ], [ 10.1707161, 36.5451385, 0.0 ], [ 10.1707245, 36.5451357, 0.0 ], [ 10.1707414, 36.5451298, 0.0 ], [ 10.1707542, 36.5451255, 0.0 ], [ 10.170761, 36.5451231, 0.0 ], [ 10.1707656, 36.5451215, 0.0 ], [ 10.1707853, 36.5451148, 0.0 ], [ 10.1708002, 36.5451096, 0.0 ], [ 10.1708056, 36.5451078, 0.0 ], [ 10.1708252, 36.5451011, 0.0 ], [ 10.1708362, 36.5450973, 0.0 ], [ 10.1708453, 36.5450942, 0.0 ], [ 10.1708481, 36.5450932, 0.0 ], [ 10.1708621, 36.5450884, 0.0 ], [ 10.1708679, 36.5450864, 0.0 ], [ 10.1708808, 36.545082, 0.0 ], [ 10.1708867, 36.54508, 0.0 ], [ 10.1708867, 36.5450799, 0.0 ], [ 10.1708971, 36.5450764, 0.0 ], [ 10.1708983, 36.545076, 0.0 ], [ 10.1709022, 36.5450749, 0.0 ], [ 10.1709103, 36.5450726, 0.0 ], [ 10.1709239, 36.5450686, 0.0 ], [ 10.170933, 36.545066, 0.0 ], [ 10.1709499, 36.5450611, 0.0 ], [ 10.1709663, 36.5450564, 0.0 ], [ 10.1709759, 36.5450536, 0.0 ], [ 10.1709912, 36.5450492, 0.0 ], [ 10.1710015, 36.5450462, 0.0 ], [ 10.1710129, 36.5450429, 0.0 ], [ 10.1710201, 36.5450408, 0.0 ], [ 10.1710415, 36.5450346, 0.0 ], [ 10.1710613, 36.5450289, 0.0 ], [ 10.1710808, 36.5450233, 0.0 ], [ 10.171096, 36.5450189, 0.0 ], [ 10.171102, 36.5450172, 0.0 ], [ 10.1711202, 36.5450119, 0.0 ], [ 10.1711273, 36.5450098, 0.0 ], [ 10.1711304, 36.545009, 0.0 ], [ 10.1711308, 36.5450088, 0.0 ], [ 10.1711385, 36.5450066, 0.0 ], [ 10.1711428, 36.5450054, 0.0 ], [ 10.1711521, 36.5450027, 0.0 ], [ 10.1711653, 36.5449989, 0.0 ], [ 10.1711721, 36.5449969, 0.0 ], [ 10.1711796, 36.5449947, 0.0 ], [ 10.1711887, 36.5449921, 0.0 ], [ 10.1711989, 36.5449892, 0.0 ], [ 10.1712074, 36.5449867, 0.0 ], [ 10.1712124, 36.5449853, 0.0 ], [ 10.1712272, 36.544981, 0.0 ], [ 10.1712375, 36.544978, 0.0 ], [ 10.1712496, 36.5449745, 0.0 ], [ 10.1712618, 36.544971, 0.0 ], [ 10.1712782, 36.5449663, 0.0 ], [ 10.1712915, 36.5449624, 0.0 ], [ 10.1713104, 36.544957, 0.0 ], [ 10.1713204, 36.5449541, 0.0 ], [ 10.1713344, 36.54495, 0.0 ], [ 10.1713509, 36.5449452, 0.0 ], [ 10.171359, 36.5449429, 0.0 ], [ 10.1713733, 36.5449388, 0.0 ], [ 10.1713893, 36.5449342, 0.0 ], [ 10.1713968, 36.544932, 0.0 ], [ 10.1714009, 36.5449308, 0.0 ], [ 10.1714162, 36.5449264, 0.0 ], [ 10.1714325, 36.5449217, 0.0 ], [ 10.171444, 36.5449184, 0.0 ], [ 10.1714521, 36.544916, 0.0 ], [ 10.1714705, 36.5449107, 0.0 ], [ 10.1714709, 36.5449106, 0.0 ], [ 10.1714785, 36.5449086, 0.0 ], [ 10.1714851, 36.5449068, 0.0 ], [ 10.1714944, 36.5449044, 0.0 ], [ 10.1715068, 36.5449011, 0.0 ], [ 10.1715167, 36.5448985, 0.0 ], [ 10.1715243, 36.5448965, 0.0 ], [ 10.1715391, 36.5448927, 0.0 ], [ 10.1715596, 36.5448873, 0.0 ], [ 10.1715658, 36.5448857, 0.0 ], [ 10.17158, 36.5448819, 0.0 ], [ 10.171595, 36.544878, 0.0 ], [ 10.1716053, 36.5448753, 0.0 ], [ 10.1716107, 36.5448739, 0.0 ], [ 10.1716284, 36.5448692, 0.0 ], [ 10.1716381, 36.5448667, 0.0 ], [ 10.1716541, 36.5448625, 0.0 ], [ 10.1716567, 36.5448618, 0.0 ], [ 10.1716775, 36.5448563, 0.0 ], [ 10.1716887, 36.5448534, 0.0 ], [ 10.1716923, 36.5448525, 0.0 ], [ 10.1717026, 36.5448497, 0.0 ], [ 10.1717221, 36.5448446, 0.0 ], [ 10.1717305, 36.5448424, 0.0 ], [ 10.1717331, 36.5448417, 0.0 ], [ 10.1717541, 36.5448362, 0.0 ], [ 10.171766, 36.5448331, 0.0 ], [ 10.171771, 36.5448318, 0.0 ], [ 10.171789, 36.5448271, 0.0 ], [ 10.1717993, 36.5448244, 0.0 ], [ 10.1718108, 36.5448213, 0.0 ], [ 10.1718266, 36.5448172, 0.0 ], [ 10.1718409, 36.5448134, 0.0 ], [ 10.1718439, 36.5448127, 0.0 ], [ 10.1718616, 36.544808, 0.0 ], [ 10.1718769, 36.544804, 0.0 ], [ 10.1718848, 36.5448019, 0.0 ], [ 10.1719038, 36.5447969, 0.0 ], [ 10.1719131, 36.5447945, 0.0 ], [ 10.1719342, 36.5447889, 0.0 ], [ 10.1719422, 36.5447868, 0.0 ], [ 10.1719525, 36.5447841, 0.0 ], [ 10.1720102, 36.544769, 0.0 ], [ 10.1721248, 36.5447389, 0.0 ], [ 10.1721662, 36.544728, 0.0 ], [ 10.1722511, 36.5447109, 0.0 ], [ 10.1723717, 36.5446866, 0.0 ], [ 10.1724088, 36.5446791, 0.0 ], [ 10.1724749, 36.5446678, 0.0 ], [ 10.1725503, 36.5446549, 0.0 ], [ 10.1726324, 36.5446408, 0.0 ], [ 10.1727871, 36.5446506, 0.0 ], [ 10.1728439, 36.5446542, 0.0 ], [ 10.1728722, 36.5448296, 0.0 ], [ 10.172772, 36.5449804, 0.0 ], [ 10.172733, 36.5450453, 0.0 ], [ 10.1726221, 36.54523, 0.0 ], [ 10.1724329, 36.545423, 0.0 ], [ 10.1721858, 36.5456011, 0.0 ], [ 10.1720982, 36.5457363, 0.0 ], [ 10.172248, 36.5459054, 0.0 ], [ 10.1723578, 36.5459663, 0.0 ], [ 10.1723788, 36.5460798, 0.0 ], [ 10.1722483, 36.5463446, 0.0 ], [ 10.1722512, 36.5465358, 0.0 ], [ 10.1723524, 36.546881, 0.0 ], [ 10.1724724, 36.5471898, 0.0 ], [ 10.172667, 36.5473585, 0.0 ], [ 10.1727664, 36.5475797, 0.0 ], [ 10.1727757, 36.5477708, 0.0 ], [ 10.1728668, 36.5478629, 0.0 ], [ 10.172901, 36.5480072, 0.0 ], [ 10.1729032, 36.5481519, 0.0 ], [ 10.1728207, 36.5482044, 0.0 ], [ 10.1726092, 36.548191, 0.0 ], [ 10.1725403, 36.548295, 0.0 ], [ 10.1726723, 36.5485521, 0.0 ], [ 10.1726805, 36.5486708, 0.0 ], [ 10.1726112, 36.548749, 0.0 ], [ 10.1724985, 36.5489206, 0.0 ], [ 10.17247, 36.5491535, 0.0 ], [ 10.1724889, 36.5493845, 0.0 ], [ 10.1725852, 36.5495709, 0.0 ], [ 10.172766, 36.5496673, 0.0 ], [ 10.1729664, 36.5497945, 0.0 ], [ 10.1730153, 36.5500746, 0.0 ], [ 10.1729601, 36.550576, 0.0 ], [ 10.1729983, 36.550795, 0.0 ], [ 10.1730904, 36.550922, 0.0 ], [ 10.1731732, 36.5510226, 0.0 ], [ 10.1732639, 36.5511528, 0.0 ], [ 10.1733181, 36.5513193, 0.0 ], [ 10.173291, 36.5514805, 0.0 ], [ 10.1733231, 36.5516472, 0.0 ], [ 10.1734075, 36.551855, 0.0 ], [ 10.1735511, 36.5520623, 0.0 ], [ 10.1736942, 36.5522458, 0.0 ], [ 10.1737406, 36.5523765, 0.0 ], [ 10.1737347, 36.5524779, 0.0 ], [ 10.1736852, 36.5526215, 0.0 ], [ 10.1736793, 36.5527229, 0.0 ], [ 10.1735912, 36.5529698, 0.0 ], [ 10.1735133, 36.5529625, 0.0 ], [ 10.1733362, 36.5529785, 0.0 ], [ 10.173106, 36.5530046, 0.0 ], [ 10.1728698, 36.553026, 0.0 ], [ 10.1727102, 36.5530276, 0.0 ], [ 10.1725089, 36.5530105, 0.0 ], [ 10.1723668, 36.5529928, 0.0 ], [ 10.1722363, 36.5529703, 0.0 ], [ 10.1721531, 36.5529377, 0.0 ], [ 10.172004, 36.5528533, 0.0 ], [ 10.1718134, 36.5527645, 0.0 ], [ 10.1715693, 36.5526477, 0.0 ], [ 10.1711762, 36.5524607, 0.0 ], [ 10.1709443, 36.5523724, 0.0 ], [ 10.1707183, 36.552284, 0.0 ], [ 10.1705763, 36.5522758, 0.0 ], [ 10.1704521, 36.552277, 0.0 ], [ 10.1703464, 36.552321, 0.0 ] ] ] } },
{ "type": "Feature", "properties": { "OBJECTID": 3666, "ID": 0, "SUP": 30.761, "Shape_Leng": 0.024761121737199999, "Shape_Area": 3.0997786203399999e-05 }, "geometry": { "type": "Polygon", "coordinates": [ [ [ 10.1604193, 36.5998151, 0.0 ], [ 10.1605161, 36.5999617, 0.0 ], [ 10.160961, 36.6006352, 0.0 ], [ 10.1610061, 36.6008461, 0.0 ], [ 10.1611129, 36.6013452, 0.0 ], [ 10.1609949, 36.6017164, 0.0 ], [ 10.1612275, 36.6021516, 0.0 ], [ 10.1615228, 36.6023529, 0.0 ], [ 10.1619896, 36.6026088, 0.0 ], [ 10.1623947, 36.602825, 0.0 ], [ 10.1625988, 36.6029339, 0.0 ], [ 10.1626045, 36.6029708, 0.0 ], [ 10.1626118, 36.6032538, 0.0 ], [ 10.1625908, 36.6034095, 0.0 ], [ 10.1624676, 36.6043223, 0.0 ], [ 10.1622167, 36.6043947, 0.0 ], [ 10.161586, 36.6046024, 0.0 ], [ 10.161474, 36.6046102, 0.0 ], [ 10.1601131, 36.6047041, 0.0 ], [ 10.1598804, 36.604785, 0.0 ], [ 10.1593962, 36.6051225, 0.0 ], [ 10.1589323, 36.6044791, 0.0 ], [ 10.1583652, 36.6039444, 0.0 ], [ 10.1578849, 36.6035734, 0.0 ], [ 10.1573681, 36.6031383, 0.0 ], [ 10.1569636, 36.6027952, 0.0 ], [ 10.1567522, 36.6026005, 0.0 ], [ 10.155683, 36.6017164, 0.0 ], [ 10.1554457, 36.6015179, 0.0 ], [ 10.1538473, 36.6003138, 0.0 ], [ 10.1541127, 36.5997981, 0.0 ], [ 10.1541704, 36.599827, 0.0 ], [ 10.1543842, 36.5998827, 0.0 ], [ 10.1543842, 36.5998827, 0.0 ], [ 10.1543842, 36.5998827, 0.0 ], [ 10.154687, 36.5997171, 0.0 ], [ 10.1547299, 36.5993865, 0.0 ], [ 10.1547299, 36.5993865, 0.0 ], [ 10.1547299, 36.5993865, 0.0 ], [ 10.1547244, 36.5993675, 0.0 ], [ 10.1550102, 36.5992559, 0.0 ], [ 10.1551488, 36.5992336, 0.0 ], [ 10.1551488, 36.5992336, 0.0 ], [ 10.1556382, 36.5991239, 0.0 ], [ 10.1556382, 36.5991239, 0.0 ], [ 10.1557513, 36.5991045, 0.0 ], [ 10.1558448, 36.5990885, 0.0 ], [ 10.1565284, 36.5989102, 0.0 ], [ 10.1570575, 36.5986856, 0.0 ], [ 10.157991, 36.5982433, 0.0 ], [ 10.158231, 36.5980573, 0.0 ], [ 10.158231, 36.5980573, 0.0 ], [ 10.1584712, 36.59788, 0.0 ], [ 10.1584688, 36.5978682, 0.0 ], [ 10.1586875, 36.5984899, 0.0 ], [ 10.1587235, 36.5985366, 0.0 ], [ 10.1589115, 36.5987808, 0.0 ], [ 10.1592455, 36.5992146, 0.0 ], [ 10.1596108, 36.5995022, 0.0 ], [ 10.1598884, 36.5997207, 0.0 ], [ 10.1603604, 36.5998046, 0.0 ], [ 10.1604193, 36.5998151, 0.0 ] ] ] } },
{ "type": "Feature", "properties": { "OBJECTID": 3667, "ID": 0, "SUP": 13.116, "Shape_Leng": 0.0203489145312, "Shape_Area": 1.3214700918200001e-05 }, "geometry": { "type": "Polygon", "coordinates": [ [ [ 10.1623531, 36.5861662, 0.0 ], [ 10.161787, 36.5871511, 0.0 ], [ 10.1614042, 36.5872452, 0.0 ], [ 10.1613848, 36.5872404, 0.0 ], [ 10.1596751, 36.5868241, 0.0 ], [ 10.1596425, 36.5868162, 0.0 ], [ 10.1584999, 36.5865379, 0.0 ], [ 10.1571991, 36.5862211, 0.0 ], [ 10.1560566, 36.5859428, 0.0 ], [ 10.1551503, 36.5857066, 0.0 ], [ 10.1541017, 36.5854333, 0.0 ], [ 10.1534033, 36.5853005, 0.0 ], [ 10.1534551, 36.5846048, 0.0 ], [ 10.153505, 36.5839354, 0.0 ], [ 10.1554829, 36.5843176, 0.0 ], [ 10.1562887, 36.5844733, 0.0 ], [ 10.1600639, 36.5852714, 0.0 ], [ 10.1618455, 36.5857549, 0.0 ], [ 10.1621614, 36.5861096, 0.0 ], [ 10.1623531, 36.5861662, 0.0 ] ] ] } },
{ "type": "Feature", "properties": { "OBJECTID": 3676, "ID": 0, "SUP": 48.267, "Shape_Leng": 0.032751531203999998, "Shape_Area": 4.8637471400100001e-05 }, "geometry": { "type": "Polygon", "coordinates": [ [ [ 10.1846426, 36.6016196, 0.0 ], [ 10.1847703, 36.602256, 0.0 ], [ 10.1849801, 36.6033013, 0.0 ], [ 10.1847397, 36.6035, 0.0 ], [ 10.1839753, 36.6041316, 0.0 ], [ 10.1833645, 36.6046627, 0.0 ], [ 10.1830053, 36.6049749, 0.0 ], [ 10.181036, 36.6066867, 0.0 ], [ 10.1809294, 36.6067794, 0.0 ], [ 10.1809272, 36.6067757, 0.0 ], [ 10.1807853, 36.6066564, 0.0 ], [ 10.180521, 36.6063013, 0.0 ], [ 10.1802096, 36.6057677, 0.0 ], [ 10.1800187, 36.6053701, 0.0 ], [ 10.1799584, 36.6052932, 0.0 ], [ 10.1797874, 36.6052353, 0.0 ], [ 10.1795653, 36.6051887, 0.0 ], [ 10.1786088, 36.6049942, 0.0 ], [ 10.1790167, 36.6039457, 0.0 ], [ 10.1795852, 36.6029783, 0.0 ], [ 10.1795698, 36.602183, 0.0 ], [ 10.1791597, 36.6021882, 0.0 ], [ 10.1787403, 36.601881, 0.0 ], [ 10.1780489, 36.6013746, 0.0 ], [ 10.1779586, 36.6012733, 0.0 ], [ 10.1779586, 36.6012733, 0.0 ], [ 10.1779586, 36.6012733, 0.0 ], [ 10.178701, 36.6006989, 0.0 ], [ 10.1792524, 36.6001755, 0.0 ], [ 10.1797867, 36.5997529, 0.0 ], [ 10.1797867, 36.5997529, 0.0 ], [ 10.1797872, 36.5997525, 0.0 ], [ 10.1799674, 36.5996022, 0.0 ], [ 10.1803248, 36.5993041, 0.0 ], [ 10.1810357, 36.5987235, 0.0 ], [ 10.1810492, 36.5987158, 0.0 ], [ 10.1812094, 36.5986245, 0.0 ], [ 10.1813956, 36.5985184, 0.0 ], [ 10.1814223, 36.5985032, 0.0 ], [ 10.1818917, 36.5982358, 0.0 ], [ 10.1821792, 36.5977575, 0.0 ], [ 10.1825808, 36.5970894, 0.0 ], [ 10.1828432, 36.5970297, 0.0 ], [ 10.1833308, 36.5969998, 0.0 ], [ 10.1841161, 36.5969992, 0.0 ], [ 10.1842621, 36.5969727, 0.0 ], [ 10.184381, 36.5969788, 0.0 ], [ 10.1846341, 36.5969296, 0.0 ], [ 10.1854214, 36.596768, 0.0 ], [ 10.1858375, 36.5967066, 0.0 ], [ 10.1859882, 36.5966943, 0.0 ], [ 10.1861764, 36.5966839, 0.0 ], [ 10.1863827, 36.5966725, 0.0 ], [ 10.1865838, 36.5966268, 0.0 ], [ 10.1867308, 36.5966062, 0.0 ], [ 10.1870657, 36.5965678, 0.0 ], [ 10.1871219, 36.5965614, 0.0 ], [ 10.1872147, 36.5968288, 0.0 ], [ 10.1872173, 36.5969934, 0.0 ], [ 10.1871658, 36.5971294, 0.0 ], [ 10.1870702, 36.5976998, 0.0 ], [ 10.186975, 36.5980489, 0.0 ], [ 10.1869615, 36.5983258, 0.0 ], [ 10.1870908, 36.5986536, 0.0 ], [ 10.1872126, 36.5988862, 0.0 ], [ 10.1872163, 36.5991758, 0.0 ], [ 10.1866315, 36.599415, 0.0 ], [ 10.1863535, 36.5996251, 0.0 ], [ 10.185741, 36.600088, 0.0 ], [ 10.1856679, 36.6001223, 0.0 ], [ 10.1849743, 36.6004484, 0.0 ], [ 10.1845223, 36.6010198, 0.0 ], [ 10.1846426, 36.6016196, 0.0 ] ] ] } },
{ "type": "Feature", "properties": { "OBJECTID": 3691, "ID": 0, "SUP": 7.332, "Shape_Leng": 0.012119700164499999, "Shape_Area": 7.3828003557900001e-06 }, "geometry": { "type": "Polygon", "coordinates": [ [ [ 10.2992197, 36.5504832, 0.0 ], [ 10.2978111, 36.5516263, 0.0 ], [ 10.2974479, 36.551921, 0.0 ], [ 10.2964469, 36.5529332, 0.0 ], [ 10.296315, 36.5529331, 0.0 ], [ 10.2962168, 36.5527293, 0.0 ], [ 10.296159, 36.5523279, 0.0 ], [ 10.2961516, 36.5521569, 0.0 ], [ 10.2961497, 36.5521116, 0.0 ], [ 10.2960933, 36.552026, 0.0 ], [ 10.296157, 36.5517877, 0.0 ], [ 10.2961634, 36.5515609, 0.0 ], [ 10.2960237, 36.5515051, 0.0 ], [ 10.2958705, 36.5512527, 0.0 ], [ 10.2957119, 36.5510796, 0.0 ], [ 10.2956552, 36.55093, 0.0 ], [ 10.295776, 36.5506637, 0.0 ], [ 10.2958311, 36.5505157, 0.0 ], [ 10.295849, 36.5503707, 0.0 ], [ 10.2957846, 36.5501638, 0.0 ], [ 10.2956148, 36.549928, 0.0 ], [ 10.2953703, 36.5497894, 0.0 ], [ 10.2952629, 36.5497325, 0.0 ], [ 10.2953408, 36.549727, 0.0 ], [ 10.296283, 36.5496081, 0.0 ], [ 10.296829, 36.5492169, 0.0 ], [ 10.296829, 36.5492169, 0.0 ], [ 10.2970801, 36.5492479, 0.0 ], [ 10.2976963, 36.5493239, 0.0 ], [ 10.2978548, 36.5493435, 0.0 ], [ 10.2980738, 36.5495263, 0.0 ], [ 10.2992197, 36.5504832, 0.0 ] ] ] } },
{ "type": "Feature", "properties": { "OBJECTID": 3692, "ID": 0, "SUP": 6.096, "Shape_Leng": 0.0182587170722, "Shape_Area": 6.1382854635800004e-06 }, "geometry": { "type": "Polygon", "coordinates": [ [ [ 10.2960931, 36.5476432, 0.0 ], [ 10.295937, 36.5478386, 0.0 ], [ 10.2959177, 36.5478394, 0.0 ], [ 10.2952241, 36.5480807, 0.0 ], [ 10.2948581, 36.5481133, 0.0 ], [ 10.2946326, 36.5480585, 0.0 ], [ 10.2947085, 36.5476474, 0.0 ], [ 10.2946979, 36.5473661, 0.0 ], [ 10.2938406, 36.5480298, 0.0 ], [ 10.2935655, 36.5477772, 0.0 ], [ 10.293265, 36.5473011, 0.0 ], [ 10.2930197, 36.5469531, 0.0 ], [ 10.2929313, 36.5464317, 0.0 ], [ 10.2922261, 36.5460671, 0.0 ], [ 10.2923176, 36.5458384, 0.0 ], [ 10.2923287, 36.545676, 0.0 ], [ 10.2923213, 36.5456314, 0.0 ], [ 10.292289, 36.5454376, 0.0 ], [ 10.2923699, 36.54535, 0.0 ], [ 10.292845, 36.5453475, 0.0 ], [ 10.2929843, 36.545325, 0.0 ], [ 10.2941706, 36.5452833, 0.0 ], [ 10.2941706, 36.5452833, 0.0 ], [ 10.2941706, 36.5452833, 0.0 ], [ 10.2943349, 36.5452775, 0.0 ], [ 10.2949033, 36.5455749, 0.0 ], [ 10.294721, 36.5456575, 0.0 ], [ 10.2949243, 36.545878, 0.0 ], [ 10.2952281, 36.5457539, 0.0 ], [ 10.2955484, 36.5455964, 0.0 ], [ 10.2955697, 36.5456075, 0.0 ], [ 10.2944168, 36.5461097, 0.0 ], [ 10.2938407, 36.546302, 0.0 ], [ 10.2936772, 36.5464231, 0.0 ], [ 10.2935508, 36.5466439, 0.0 ], [ 10.2935412, 36.5467776, 0.0 ], [ 10.2937852, 36.5468751, 0.0 ], [ 10.2940632, 36.5468816, 0.0 ], [ 10.294445, 36.5467343, 0.0 ], [ 10.2946395, 36.5466988, 0.0 ], [ 10.2949763, 36.5466904, 0.0 ], [ 10.2953141, 36.5467392, 0.0 ], [ 10.2954491, 36.5466805, 0.0 ], [ 10.2956442, 36.5466832, 0.0 ], [ 10.2959317, 36.5465512, 0.0 ], [ 10.2963571, 36.5462962, 0.0 ], [ 10.2963571, 36.5462962, 0.0 ], [ 10.2968139, 36.5467003, 0.0 ], [ 10.2967774, 36.5467246, 0.0 ], [ 10.2965079, 36.5469153, 0.0 ], [ 10.2960516, 36.5472691, 0.0 ], [ 10.2958386, 36.5474619, 0.0 ], [ 10.2960931, 36.5476432, 0.0 ] ] ] } },
{ "type": "Feature", "properties": { "OBJECTID": 3693, "ID": 0, "SUP": 4.142, "Shape_Leng": 0.011571526660199999, "Shape_Area": 4.1709368914600001e-06 }, "geometry": { "type": "Polygon", "coordinates": [ [ [ 10.3005985, 36.5554258, 0.0 ], [ 10.3003148, 36.5550422, 0.0 ], [ 10.3000881, 36.5549206, 0.0 ], [ 10.2999879, 36.5552938, 0.0 ], [ 10.2998727, 36.5554763, 0.0 ], [ 10.2995091, 36.555652, 0.0 ], [ 10.2990895, 36.5560191, 0.0 ], [ 10.2987489, 36.5561564, 0.0 ], [ 10.298484, 36.5558731, 0.0 ], [ 10.2982321, 36.5556564, 0.0 ], [ 10.297975, 36.5558405, 0.0 ], [ 10.297714, 36.5557861, 0.0 ], [ 10.297481, 36.5559985, 0.0 ], [ 10.2971872, 36.5559163, 0.0 ], [ 10.2972359, 36.5558784, 0.0 ], [ 10.2972725, 36.5558028, 0.0 ], [ 10.2973198, 36.5557048, 0.0 ], [ 10.2973117, 36.5556329, 0.0 ], [ 10.2972014, 36.5551964, 0.0 ], [ 10.2971971, 36.5551919, 0.0 ], [ 10.2977314, 36.5547078, 0.0 ], [ 10.2979516, 36.5544382, 0.0 ], [ 10.2981525, 36.554436, 0.0 ], [ 10.2984634, 36.5546426, 0.0 ], [ 10.2991867, 36.5547587, 0.0 ], [ 10.2993142, 36.5546047, 0.0 ], [ 10.2994041, 36.553621, 0.0 ], [ 10.2995577, 36.5536098, 0.0 ], [ 10.3001974, 36.5543851, 0.0 ], [ 10.3009212, 36.5551438, 0.0 ], [ 10.3005985, 36.5554258, 0.0 ] ] ] } },
{ "type": "Feature", "properties": { "OBJECTID": 3694, "ID": 0, "SUP": 7.726, "Shape_Leng": 0.018390783658700002, "Shape_Area": 7.7799799255400004e-06 }, "geometry": { "type": "Polygon", "coordinates": [ [ [ 10.2968214, 36.549216, 0.0 ], [ 10.2968214, 36.549216, 0.0 ], [ 10.2968214, 36.549216, 0.0 ], [ 10.296829, 36.5492169, 0.0 ], [ 10.296283, 36.5496081, 0.0 ], [ 10.2953408, 36.549727, 0.0 ], [ 10.2952602, 36.5495741, 0.0 ], [ 10.295087, 36.5495404, 0.0 ], [ 10.2945752, 36.5493029, 0.0 ], [ 10.2942932, 36.5492377, 0.0 ], [ 10.2940086, 36.5492271, 0.0 ], [ 10.2936334, 36.5492585, 0.0 ], [ 10.2934894, 36.5493529, 0.0 ], [ 10.2933496, 36.5494965, 0.0 ], [ 10.2931356, 36.5496098, 0.0 ], [ 10.293026, 36.5495792, 0.0 ], [ 10.2929194, 36.5494793, 0.0 ], [ 10.2928591, 36.5493161, 0.0 ], [ 10.2928526, 36.5491249, 0.0 ], [ 10.2928425, 36.5489257, 0.0 ], [ 10.2926377, 36.5488241, 0.0 ], [ 10.2925227, 36.5488308, 0.0 ], [ 10.2923436, 36.5488519, 0.0 ], [ 10.2921344, 36.5488924, 0.0 ], [ 10.2918821, 36.5489907, 0.0 ], [ 10.2916088, 36.5490428, 0.0 ], [ 10.2913618, 36.5490482, 0.0 ], [ 10.2912218, 36.5489815, 0.0 ], [ 10.2911936, 36.5489135, 0.0 ], [ 10.2912802, 36.5488279, 0.0 ], [ 10.2914203, 36.5487034, 0.0 ], [ 10.2916554, 36.5485862, 0.0 ], [ 10.2918875, 36.548499, 0.0 ], [ 10.2922294, 36.5485008, 0.0 ], [ 10.2923164, 36.548437, 0.0 ], [ 10.292422, 36.548272, 0.0 ], [ 10.2922926, 36.5480275, 0.0 ], [ 10.2921938, 36.5479941, 0.0 ], [ 10.2921601, 36.5479292, 0.0 ], [ 10.2920876, 36.5479123, 0.0 ], [ 10.2919328, 36.5479659, 0.0 ], [ 10.2918033, 36.5479181, 0.0 ], [ 10.2915368, 36.5477708, 0.0 ], [ 10.2914558, 36.5475805, 0.0 ], [ 10.2913764, 36.5474885, 0.0 ], [ 10.2913184, 36.5472542, 0.0 ], [ 10.2912947, 36.5470551, 0.0 ], [ 10.2914438, 36.5468595, 0.0 ], [ 10.2916047, 36.5467622, 0.0 ], [ 10.2916096, 36.546448, 0.0 ], [ 10.2915803, 36.5463118, 0.0 ], [ 10.2917674, 36.5461622, 0.0 ], [ 10.2920141, 36.5459383, 0.0 ], [ 10.2922261, 36.5460671, 0.0 ], [ 10.2929313, 36.5464317, 0.0 ], [ 10.2930197, 36.5469531, 0.0 ], [ 10.293265, 36.5473011, 0.0 ], [ 10.2935655, 36.5477772, 0.0 ], [ 10.2938406, 36.5480298, 0.0 ], [ 10.2941509, 36.5483147, 0.0 ], [ 10.2948594, 36.5487936, 0.0 ], [ 10.2954953, 36.5486364, 0.0 ], [ 10.2961569, 36.5484289, 0.0 ], [ 10.2962832, 36.5485563, 0.0 ], [ 10.2961836, 36.5489652, 0.0 ], [ 10.2964172, 36.5491487, 0.0 ], [ 10.2968217, 36.5492157, 0.0 ], [ 10.2968214, 36.549216, 0.0 ] ] ] } },
{ "type": "Feature", "properties": { "OBJECTID": 3704, "ID": 0, "SUP": 2.403, "Shape_Leng": 0.0097044682315899997, "Shape_Area": 2.4199428690699999e-06 }, "geometry": { "type": "Polygon", "coordinates": [ [ [ 10.3005985, 36.5554258, 0.0 ], [ 10.2987117, 36.5570746, 0.0 ], [ 10.2984432, 36.5567747, 0.0 ], [ 10.2981097, 36.5564927, 0.0 ], [ 10.2979073, 36.5563738, 0.0 ], [ 10.2978047, 36.5564008, 0.0 ], [ 10.297588, 36.5564576, 0.0 ], [ 10.2975478, 36.5564638, 0.0 ], [ 10.2971755, 36.5565209, 0.0 ], [ 10.2970889, 36.5562358, 0.0 ], [ 10.2970117, 36.5559816, 0.0 ], [ 10.2970011, 36.5559465, 0.0 ], [ 10.2971872, 36.5559163, 0.0 ], [ 10.297481, 36.5559985, 0.0 ], [ 10.297714, 36.5557861, 0.0 ], [ 10.297975, 36.5558405, 0.0 ], [ 10.2982321, 36.5556564, 0.0 ], [ 10.298484, 36.5558731, 0.0 ], [ 10.2987489, 36.5561564, 0.0 ], [ 10.2990895, 36.5560191, 0.0 ], [ 10.2995091, 36.555652, 0.0 ], [ 10.2998727, 36.5554763, 0.0 ], [ 10.2999879, 36.5552938, 0.0 ], [ 10.3000881, 36.5549206, 0.0 ], [ 10.3003148, 36.5550422, 0.0 ], [ 10.3005985, 36.5554258, 0.0 ] ] ] } },
{ "type": "Feature", "properties": { "OBJECTID": 3705, "ID": 0, "SUP": 4.13, "Shape_Leng": 0.014820475355400001, "Shape_Area": 4.1591206216999997e-06 }, "geometry": { "type": "MultiPolygon", "coordinates": [ [ [ [ 10.2991306, 36.5521166, 0.0 ], [ 10.3002629, 36.552648, 0.0 ], [ 10.3006808, 36.5528915, 0.0 ], [ 10.3008803, 36.5532013, 0.0 ], [ 10.3006006, 36.5532746, 0.0 ], [ 10.300179, 36.5534302, 0.0 ], [ 10.3002834, 36.5535171, 0.0 ], [ 10.3004044, 36.5536667, 0.0 ], [ 10.3004847, 36.5538043, 0.0 ], [ 10.3005693, 36.5540147, 0.0 ], [ 10.3006967, 36.5541743, 0.0 ], [ 10.3009402, 36.5543755, 0.0 ], [ 10.3011916, 36.5544885, 0.0 ], [ 10.3013825, 36.5545241, 0.0 ], [ 10.3015789, 36.554522, 0.0 ], [ 10.3016318, 36.5545228, 0.0 ], [ 10.3015638, 36.5545822, 0.0 ], [ 10.3010741, 36.5544901, 0.0 ], [ 10.3006444, 36.5542467, 0.0 ], [ 10.3003755, 36.5537249, 0.0 ], [ 10.3001349, 36.5534795, 0.0 ], [ 10.2996091, 36.5531513, 0.0 ], [ 10.2993917, 36.552877, 0.0 ], [ 10.298845, 36.5527112, 0.0 ], [ 10.2986215, 36.5527804, 0.0 ], [ 10.2985434, 36.5530579, 0.0 ], [ 10.2983352, 36.5533369, 0.0 ], [ 10.2977915, 36.5533523, 0.0 ], [ 10.2970073, 36.5531224, 0.0 ], [ 10.2964469, 36.5529332, 0.0 ], [ 10.2974479, 36.551921, 0.0 ], [ 10.2978111, 36.5516263, 0.0 ], [ 10.2988186, 36.5518433, 0.0 ], [ 10.2991306, 36.5521166, 0.0 ] ] ], [ [ [ 10.3018609, 36.5543225, 0.0 ], [ 10.301853, 36.5543152, 0.0 ], [ 10.3019736, 36.5542241, 0.0 ], [ 10.3018609, 36.5543225, 0.0 ] ] ] ] } },
{ "type": "Feature", "properties": { "OBJECTID": 3706, "ID": 0, "SUP": 6.403, "Shape_Leng": 0.0164569610551, "Shape_Area": 6.4482122007900003e-06 }, "geometry": { "type": "Polygon", "coordinates": [ [ [ 10.3009212, 36.5551438, 0.0 ], [ 10.3001974, 36.5543851, 0.0 ], [ 10.2995577, 36.5536098, 0.0 ], [ 10.2994041, 36.553621, 0.0 ], [ 10.2993142, 36.5546047, 0.0 ], [ 10.2991867, 36.5547587, 0.0 ], [ 10.2984634, 36.5546426, 0.0 ], [ 10.2981525, 36.554436, 0.0 ], [ 10.2979516, 36.5544382, 0.0 ], [ 10.2977314, 36.5547078, 0.0 ], [ 10.2971971, 36.5551919, 0.0 ], [ 10.2971713, 36.5551654, 0.0 ], [ 10.2971106, 36.5551032, 0.0 ], [ 10.2971083, 36.5551028, 0.0 ], [ 10.2967762, 36.5550344, 0.0 ], [ 10.2966953, 36.5550294, 0.0 ], [ 10.296677, 36.5551498, 0.0 ], [ 10.2965442, 36.5551048, 0.0 ], [ 10.2963679, 36.5548828, 0.0 ], [ 10.2962777, 36.5547526, 0.0 ], [ 10.2962259, 36.554491, 0.0 ], [ 10.2961959, 36.5543165, 0.0 ], [ 10.2960927, 36.5542166, 0.0 ], [ 10.2961117, 36.5541399, 0.0 ], [ 10.2962187, 36.5540595, 0.0 ], [ 10.2963621, 36.5541317, 0.0 ], [ 10.2964558, 36.5540651, 0.0 ], [ 10.2964038, 36.5539947, 0.0 ], [ 10.2964019, 36.5539593, 0.0 ], [ 10.2963939, 36.553809, 0.0 ], [ 10.29647, 36.5534968, 0.0 ], [ 10.2965928, 36.5532215, 0.0 ], [ 10.2965838, 36.5532035, 0.0 ], [ 10.2965711, 36.5531784, 0.0 ], [ 10.2964893, 36.5530161, 0.0 ], [ 10.2964469, 36.5529332, 0.0 ], [ 10.2970073, 36.5531224, 0.0 ], [ 10.2977915, 36.5533523, 0.0 ], [ 10.2983352, 36.5533369, 0.0 ], [ 10.2985434, 36.5530579, 0.0 ], [ 10.2986215, 36.5527804, 0.0 ], [ 10.298845, 36.5527112, 0.0 ], [ 10.2993917, 36.552877, 0.0 ], [ 10.2996091, 36.5531513, 0.0 ], [ 10.3001349, 36.5534795, 0.0 ], [ 10.3003755, 36.5537249, 0.0 ], [ 10.3006444, 36.5542467, 0.0 ], [ 10.3010741, 36.5544901, 0.0 ], [ 10.3015638, 36.5545822, 0.0 ], [ 10.3009212, 36.5551438, 0.0 ] ] ] } },
{ "type": "Feature", "properties": { "OBJECTID": 3825, "ID": 0, "SUP": 1.679, "Shape_Leng": 0.00528761526482, "Shape_Area": 1.6923128786400001e-06 }, "geometry": { "type": "Polygon", "coordinates": [ [ [ 10.1541127, 36.5997981, 0.0 ], [ 10.1538473, 36.6003138, 0.0 ], [ 10.1535819, 36.6008153, 0.0 ], [ 10.1521814, 36.6003565, 0.0 ], [ 10.1524284, 36.5998219, 0.0 ], [ 10.152492, 36.5996842, 0.0 ], [ 10.1526412, 36.5993321, 0.0 ], [ 10.1528089, 36.5993852, 0.0 ], [ 10.1528089, 36.5993852, 0.0 ], [ 10.1537416, 36.5996806, 0.0 ], [ 10.1541127, 36.5997981, 0.0 ] ] ] } },
{ "type": "Feature", "properties": { "OBJECTID": 3828, "ID": 0, "SUP": 103.348, "Shape_Leng": 0.066630589878300006, "Shape_Area": 0.000104153331926 }, "geometry": { "type": "Polygon", "coordinates": [ [ [ 10.1653787, 36.6135062, 0.0 ], [ 10.1636322, 36.6138111, 0.0 ], [ 10.1635669, 36.6137947, 0.0 ], [ 10.1633773, 36.6137775, 0.0 ], [ 10.1633298, 36.6137684, 0.0 ], [ 10.1631995, 36.6137602, 0.0 ], [ 10.1630933, 36.6137803, 0.0 ], [ 10.16294, 36.6138199, 0.0 ], [ 10.1623865, 36.6139971, 0.0 ], [ 10.1617035, 36.6142232, 0.0 ], [ 10.1604196, 36.6146268, 0.0 ], [ 10.1586417, 36.6152356, 0.0 ], [ 10.1571001, 36.6157444, 0.0 ], [ 10.1571778, 36.6150654, 0.0 ], [ 10.157621, 36.6140355, 0.0 ], [ 10.1581041, 36.6127071, 0.0 ], [ 10.1578812, 36.6123419, 0.0 ], [ 10.1576046, 36.611951, 0.0 ], [ 10.1573526, 36.6117174, 0.0 ], [ 10.1570017, 36.6113988, 0.0 ], [ 10.1567273, 36.611151, 0.0 ], [ 10.1563447, 36.6107862, 0.0 ], [ 10.1555764, 36.6107436, 0.0 ], [ 10.1552763, 36.6107682, 0.0 ], [ 10.1545276, 36.6108298, 0.0 ], [ 10.1541766, 36.6108586, 0.0 ], [ 10.154036, 36.610518, 0.0 ], [ 10.1538992, 36.6096448, 0.0 ], [ 10.1539128, 36.6087717, 0.0 ], [ 10.1539726, 36.6080198, 0.0 ], [ 10.1536499, 36.6066133, 0.0 ], [ 10.1530938, 36.605023, 0.0 ], [ 10.1527893, 36.6036449, 0.0 ], [ 10.1524846, 36.6022525, 0.0 ], [ 10.1520797, 36.6010202, 0.0 ], [ 10.1523262, 36.6010869, 0.0 ], [ 10.152656, 36.6011839, 0.0 ], [ 10.1527205, 36.6013431, 0.0 ], [ 10.1528191, 36.6016093, 0.0 ], [ 10.1529868, 36.601746, 0.0 ], [ 10.1531789, 36.601935, 0.0 ], [ 10.1532798, 36.6019579, 0.0 ], [ 10.1533507, 36.6019524, 0.0 ], [ 10.1534048, 36.6018205, 0.0 ], [ 10.1534048, 36.6018205, 0.0 ], [ 10.1534706, 36.6016602, 0.0 ], [ 10.1533834, 36.6012841, 0.0 ], [ 10.1533758, 36.6012509, 0.0 ], [ 10.1534959, 36.6009778, 0.0 ], [ 10.1535819, 36.6008153, 0.0 ], [ 10.1535819, 36.6008153, 0.0 ], [ 10.1535819, 36.6008153, 0.0 ], [ 10.1538473, 36.6003138, 0.0 ], [ 10.1554457, 36.6015179, 0.0 ], [ 10.155683, 36.6017164, 0.0 ], [ 10.1567522, 36.6026005, 0.0 ], [ 10.1569636, 36.6027952, 0.0 ], [ 10.1573681, 36.6031383, 0.0 ], [ 10.1578849, 36.6035734, 0.0 ], [ 10.1583652, 36.6039444, 0.0 ], [ 10.1589323, 36.6044791, 0.0 ], [ 10.1593962, 36.6051225, 0.0 ], [ 10.1598804, 36.604785, 0.0 ], [ 10.1601131, 36.6047041, 0.0 ], [ 10.161474, 36.6046102, 0.0 ], [ 10.1613211, 36.6047785, 0.0 ], [ 10.1612043, 36.60498, 0.0 ], [ 10.1611882, 36.6050911, 0.0 ], [ 10.1612529, 36.6052622, 0.0 ], [ 10.1613349, 36.6054009, 0.0 ], [ 10.1614316, 36.6056361, 0.0 ], [ 10.1615405, 36.6057996, 0.0 ], [ 10.1615853, 36.605822, 0.0 ], [ 10.1615853, 36.605822, 0.0 ], [ 10.1615884, 36.6058236, 0.0 ], [ 10.1609918, 36.6059558, 0.0 ], [ 10.1602392, 36.6060705, 0.0 ], [ 10.1598108, 36.6061105, 0.0 ], [ 10.1594059, 36.6061432, 0.0 ], [ 10.1593366, 36.6061402, 0.0 ], [ 10.1592677, 36.6061446, 0.0 ], [ 10.1590683, 36.6061128, 0.0 ], [ 10.159053, 36.6061018, 0.0 ], [ 10.1589875, 36.6060651, 0.0 ], [ 10.1589481, 36.6060364, 0.0 ], [ 10.1589069, 36.606, 0.0 ], [ 10.158743, 36.6059181, 0.0 ], [ 10.1585664, 36.6059795, 0.0 ], [ 10.1584493, 36.6060641, 0.0 ], [ 10.1583636, 36.6062676, 0.0 ], [ 10.1583512, 36.6064228, 0.0 ], [ 10.1581329, 36.6066634, 0.0 ], [ 10.157928, 36.6068085, 0.0 ], [ 10.1576673, 36.6071807, 0.0 ], [ 10.1574779, 36.6073734, 0.0 ], [ 10.1572313, 36.6076978, 0.0 ], [ 10.1572049, 36.6079127, 0.0 ], [ 10.1572049, 36.6079127, 0.0 ], [ 10.1572049, 36.6079127, 0.0 ], [ 10.1572064, 36.6079293, 0.0 ], [ 10.1572225, 36.6081033, 0.0 ], [ 10.1572699, 36.6083056, 0.0 ], [ 10.1573323, 36.6084223, 0.0 ], [ 10.157346, 36.608448, 0.0 ], [ 10.1575531, 36.6084459, 0.0 ], [ 10.1629828, 36.6075344, 0.0 ], [ 10.1627848, 36.6065553, 0.0 ], [ 10.1627848, 36.6065553, 0.0 ], [ 10.1628616, 36.6066024, 0.0 ], [ 10.163264, 36.6068096, 0.0 ], [ 10.163804, 36.6070118, 0.0 ], [ 10.1641193, 36.6070302, 0.0 ], [ 10.1644863, 36.6071129, 0.0 ], [ 10.1670755, 36.606602, 0.0 ], [ 10.1671761, 36.6069759, 0.0 ], [ 10.1660636, 36.6079158, 0.0 ], [ 10.1664545, 36.6082166, 0.0 ], [ 10.1663739, 36.6095766, 0.0 ], [ 10.1664371, 36.6099401, 0.0 ], [ 10.1664667, 36.6101402, 0.0 ], [ 10.1664872, 36.6103189, 0.0 ], [ 10.1664627, 36.6104622, 0.0 ], [ 10.1663119, 36.610621, 0.0 ], [ 10.1663, 36.6108219, 0.0 ], [ 10.1664383, 36.611548, 0.0 ], [ 10.1662714, 36.6119184, 0.0 ], [ 10.1661533, 36.6121805, 0.0 ], [ 10.1659314, 36.6126731, 0.0 ], [ 10.1653767, 36.6134464, 0.0 ], [ 10.1654343, 36.6134886, 0.0 ], [ 10.1653787, 36.6135062, 0.0 ] ] ] } },
{ "type": "Feature", "properties": { "OBJECTID": 3844, "ID": 0, "SUP": 0.854, "Shape_Leng": 0.0039256737115200002, "Shape_Area": 8.6001616434600004e-07 }, "geometry": { "type": "Polygon", "coordinates": [ [ [ 10.153505, 36.5839354, 0.0 ], [ 10.1534551, 36.5846048, 0.0 ], [ 10.1521456, 36.5843446, 0.0 ], [ 10.1521295, 36.5843414, 0.0 ], [ 10.1522849, 36.5836997, 0.0 ], [ 10.153505, 36.5839354, 0.0 ] ] ] } },
{ "type": "Feature", "properties": { "OBJECTID": 3914, "ID": 0, "SUP": 4.292, "Shape_Leng": 0.0120042681916, "Shape_Area": 4.3256315933300001e-06 }, "geometry": { "type": "Polygon", "coordinates": [ [ [ 10.1529972, 36.6168885, 0.0 ], [ 10.1531177, 36.6168373, 0.0 ], [ 10.153952, 36.616438, 0.0 ], [ 10.1543299, 36.6161929, 0.0 ], [ 10.1543944, 36.6161702, 0.0 ], [ 10.1544616, 36.6162553, 0.0 ], [ 10.1545064, 36.6162847, 0.0 ], [ 10.154581, 36.6163257, 0.0 ], [ 10.1546773, 36.6163367, 0.0 ], [ 10.154766, 36.6163358, 0.0 ], [ 10.1548547, 36.616329, 0.0 ], [ 10.1549284, 36.6163104, 0.0 ], [ 10.1555035, 36.6161915, 0.0 ], [ 10.1555231, 36.6161835, 0.0 ], [ 10.1555441, 36.6161783, 0.0 ], [ 10.1555659, 36.616176, 0.0 ], [ 10.1555878, 36.6161768, 0.0 ], [ 10.1556093, 36.6161805, 0.0 ], [ 10.1556296, 36.6161871, 0.0 ], [ 10.1556483, 36.6161964, 0.0 ], [ 10.1556647, 36.6162081, 0.0 ], [ 10.1556785, 36.6162219, 0.0 ], [ 10.1556891, 36.6162374, 0.0 ], [ 10.1554573, 36.6165616, 0.0 ], [ 10.1547041, 36.6176422, 0.0 ], [ 10.1538714, 36.6188428, 0.0 ], [ 10.1538269, 36.6189374, 0.0 ], [ 10.1537904, 36.6190341, 0.0 ], [ 10.1537621, 36.6191326, 0.0 ], [ 10.1537422, 36.6192325, 0.0 ], [ 10.1537308, 36.6193332, 0.0 ], [ 10.1537654, 36.6196727, 0.0 ], [ 10.1538332, 36.6202504, 0.0 ], [ 10.1538217, 36.6204711, 0.0 ], [ 10.1537972, 36.6206166, 0.0 ], [ 10.1537909, 36.6206342, 0.0 ], [ 10.1537838, 36.620646, 0.0 ], [ 10.1537177, 36.6207299, 0.0 ], [ 10.1534719, 36.6195405, 0.0 ], [ 10.1534631, 36.6193194, 0.0 ], [ 10.1533703, 36.6190484, 0.0 ], [ 10.1529972, 36.6168885, 0.0 ] ] ] } },
{ "type": "Feature", "properties": { "OBJECTID": 3997, "ID": 0, "SUP": 4.895, "Shape_Leng": 0.017207293290200001, "Shape_Area": 4.9278874204500002e-06 }, "geometry": { "type": "MultiPolygon", "coordinates": [ [ [ [ 10.3081893, 36.5314986, 0.0 ], [ 10.3081581, 36.5315058, 0.0 ], [ 10.3084411, 36.531316, 0.0 ], [ 10.3087718, 36.531183, 0.0 ], [ 10.3088395, 36.5311842, 0.0 ], [ 10.3088914, 36.5311851, 0.0 ], [ 10.3087428, 36.5312233, 0.0 ], [ 10.3084834, 36.5313721, 0.0 ], [ 10.3081893, 36.5314986, 0.0 ] ] ], [ [ [ 10.3089495, 36.5311861, 0.0 ], [ 10.3091294, 36.5311892, 0.0 ], [ 10.3092305, 36.5313506, 0.0 ], [ 10.3092722, 36.5314172, 0.0 ], [ 10.3095121, 36.5318003, 0.0 ], [ 10.309712, 36.5320844, 0.0 ], [ 10.309704, 36.5321, 0.0 ], [ 10.3096642, 36.5321777, 0.0 ], [ 10.3096689, 36.5321541, 0.0 ], [ 10.3096578, 36.5320486, 0.0 ], [ 10.3095052, 36.5318741, 0.0 ], [ 10.3093291, 36.5316018, 0.0 ], [ 10.3091169, 36.5312242, 0.0 ], [ 10.3089495, 36.5311861, 0.0 ] ] ], [ [ [ 10.3077958, 36.5318944, 0.0 ], [ 10.3077567, 36.5318053, 0.0 ], [ 10.3077521, 36.5317939, 0.0 ], [ 10.3077532, 36.531741, 0.0 ], [ 10.3077533, 36.5317379, 0.0 ], [ 10.3077533, 36.5317375, 0.0 ], [ 10.3077534, 36.5317327, 0.0 ], [ 10.3077981, 36.5317277, 0.0 ], [ 10.3077888, 36.5317823, 0.0 ], [ 10.3077958, 36.5318944, 0.0 ] ] ], [ [ [ 10.3096951, 36.5329716, 0.0 ], [ 10.3096106, 36.5329524, 0.0 ], [ 10.3096946, 36.5327552, 0.0 ], [ 10.3097079, 36.5326192, 0.0 ], [ 10.3096882, 36.5324954, 0.0 ], [ 10.3097632, 36.5326939, 0.0 ], [ 10.309776, 36.5327276, 0.0 ], [ 10.3097887, 36.5327382, 0.0 ], [ 10.309774, 36.5328424, 0.0 ], [ 10.3097041, 36.5329464, 0.0 ], [ 10.3096951, 36.5329716, 0.0 ] ] ], [ [ [ 10.310463, 36.5330236, 0.0 ], [ 10.3104487, 36.5330217, 0.0 ], [ 10.31049, 36.533006, 0.0 ], [ 10.3104981, 36.5330221, 0.0 ], [ 10.310463, 36.5330236, 0.0 ] ] ], [ [ [ 10.309917, 36.5340146, 0.0 ], [ 10.310026, 36.5341946, 0.0 ], [ 10.3100304, 36.5342191, 0.0 ], [ 10.3099619, 36.5342854, 0.0 ], [ 10.3098462, 36.5347876, 0.0 ], [ 10.3098867, 36.5350876, 0.0 ], [ 10.3100873, 36.5354146, 0.0 ], [ 10.3101309, 36.535477, 0.0 ], [ 10.3101612, 36.5355569, 0.0 ], [ 10.3102875, 36.5356511, 0.0 ], [ 10.3104754, 36.5356994, 0.0 ], [ 10.3105835, 36.5358189, 0.0 ], [ 10.3107046, 36.5359786, 0.0 ], [ 10.3108135, 36.5361485, 0.0 ], [ 10.3108724, 36.5363089, 0.0 ], [ 10.3098493, 36.5366573, 0.0 ], [ 10.3091176, 36.5369069, 0.0 ], [ 10.3090508, 36.5362736, 0.0 ], [ 10.309021, 36.535982, 0.0 ], [ 10.3087136, 36.5347626, 0.0 ], [ 10.3086019, 36.5340542, 0.0 ], [ 10.3084639, 36.5332657, 0.0 ], [ 10.308279, 36.5326538, 0.0 ], [ 10.3085146, 36.5325757, 0.0 ], [ 10.309104, 36.5331379, 0.0 ], [ 10.3099147, 36.5338838, 0.0 ], [ 10.309917, 36.5340146, 0.0 ] ] ], [ [ [ 10.3087389, 36.5354378, 0.0 ], [ 10.3087318, 36.5353945, 0.0 ], [ 10.3087354, 36.5354128, 0.0 ], [ 10.3087389, 36.5354378, 0.0 ] ] ] ] } },
{ "type": "Feature", "properties": { "OBJECTID": 4034, "ID": 0, "SUP": 100.469, "Shape_Leng": 0.118345032946, "Shape_Area": 0.000101196222285 }, "geometry": { "type": "Polygon", "coordinates": [ [ [ 10.1943552, 36.5708324, 0.0 ], [ 10.1943572, 36.5709612, 0.0 ], [ 10.1940939, 36.5711499, 0.0 ], [ 10.1935369, 36.5712699, 0.0 ], [ 10.1930488, 36.5712534, 0.0 ], [ 10.1926485, 36.5711858, 0.0 ], [ 10.1924693, 36.571066, 0.0 ], [ 10.1925453, 36.5708148, 0.0 ], [ 10.1923022, 36.5705811, 0.0 ], [ 10.1920064, 36.5709633, 0.0 ], [ 10.1918978, 36.5710267, 0.0 ], [ 10.191857, 36.5710506, 0.0 ], [ 10.1916715, 36.5711026, 0.0 ], [ 10.1916062, 36.5711212, 0.0 ], [ 10.1912753, 36.5712156, 0.0 ], [ 10.1912225, 36.5711507, 0.0 ], [ 10.1911887, 36.5711092, 0.0 ], [ 10.1911724, 36.5710891, 0.0 ], [ 10.1911635, 36.5710804, 0.0 ], [ 10.1911546, 36.5710745, 0.0 ], [ 10.1911442, 36.5710676, 0.0 ], [ 10.1911413, 36.5710657, 0.0 ], [ 10.1911096, 36.5710447, 0.0 ], [ 10.1910977, 36.5710368, 0.0 ], [ 10.1910909, 36.5710323, 0.0 ], [ 10.1910765, 36.5710227, 0.0 ], [ 10.1910231, 36.5709872, 0.0 ], [ 10.190279, 36.5704873, 0.0 ], [ 10.1890725, 36.5695149, 0.0 ], [ 10.1888216, 36.5694195, 0.0 ], [ 10.1885915, 36.5693321, 0.0 ], [ 10.1885067, 36.5693026, 0.0 ], [ 10.1881975, 36.5692145, 0.0 ], [ 10.1879566, 36.5691495, 0.0 ], [ 10.1877666, 36.569102, 0.0 ], [ 10.1875807, 36.5690555, 0.0 ], [ 10.1875771, 36.5690557, 0.0 ], [ 10.1875388, 36.5688613, 0.0 ], [ 10.1873204, 36.5684985, 0.0 ], [ 10.1870926, 36.5681072, 0.0 ], [ 10.1868221, 36.5678166, 0.0 ], [ 10.1869447, 36.5677152, 0.0 ], [ 10.1864729, 36.5670258, 0.0 ], [ 10.1868776, 36.5668071, 0.0 ], [ 10.1874695, 36.566651, 0.0 ], [ 10.1877645, 36.5667983, 0.0 ], [ 10.1879001, 36.5669615, 0.0 ], [ 10.1882305, 36.5671085, 0.0 ], [ 10.1883595, 36.5668425, 0.0 ], [ 10.1886375, 36.5664604, 0.0 ], [ 10.1887877, 36.5664232, 0.0 ], [ 10.1889933, 36.5665285, 0.0 ], [ 10.189357, 36.5665248, 0.0 ], [ 10.189655, 36.5662929, 0.0 ], [ 10.1899206, 36.5662616, 0.0 ], [ 10.1899891, 36.5660964, 0.0 ], [ 10.1899071, 36.5659612, 0.0 ], [ 10.1897003, 36.5657772, 0.0 ], [ 10.1894589, 36.5656509, 0.0 ], [ 10.1886428, 36.5656518, 0.0 ], [ 10.1880586, 36.5657292, 0.0 ], [ 10.1875089, 36.565749, 0.0 ], [ 10.1871643, 36.5658312, 0.0 ], [ 10.1865085, 36.5658735, 0.0 ], [ 10.1859258, 36.566051, 0.0 ], [ 10.1854743, 36.5661127, 0.0 ], [ 10.18475, 36.5663131, 0.0 ], [ 10.1845641, 36.5663364, 0.0 ], [ 10.1842289, 36.5664542, 0.0 ], [ 10.1837957, 36.5665516, 0.0 ], [ 10.1833354, 36.5666134, 0.0 ], [ 10.1827691, 36.5667049, 0.0 ], [ 10.1826911, 36.5668273, 0.0 ], [ 10.182614, 36.5670069, 0.0 ], [ 10.1825994, 36.5672146, 0.0 ], [ 10.1826282, 36.5673574, 0.0 ], [ 10.1825325, 36.56748, 0.0 ], [ 10.1819741, 36.567507, 0.0 ], [ 10.1815589, 36.5676184, 0.0 ], [ 10.181081, 36.5676947, 0.0 ], [ 10.1807623, 36.5677336, 0.0 ], [ 10.1804965, 36.5677506, 0.0 ], [ 10.1802026, 36.5676748, 0.0 ], [ 10.1799345, 36.5675487, 0.0 ], [ 10.1796878, 36.5676584, 0.0 ], [ 10.1795594, 36.5679602, 0.0 ], [ 10.1794357, 36.5679972, 0.0 ], [ 10.17923, 36.5678848, 0.0 ], [ 10.1789522, 36.5677015, 0.0 ], [ 10.1788358, 36.5676239, 0.0 ], [ 10.1788062, 36.567431, 0.0 ], [ 10.1787597, 36.5672884, 0.0 ], [ 10.1790678, 36.5671351, 0.0 ], [ 10.1792304, 36.5673266, 0.0 ], [ 10.179392, 36.5674538, 0.0 ], [ 10.1797296, 36.5674863, 0.0 ], [ 10.1799499, 36.5673911, 0.0 ], [ 10.1801088, 36.5673394, 0.0 ], [ 10.1802088, 36.567503, 0.0 ], [ 10.1805197, 36.5675285, 0.0 ], [ 10.1808376, 36.5674324, 0.0 ], [ 10.1807468, 36.5672973, 0.0 ], [ 10.1805503, 36.5672063, 0.0 ], [ 10.1808582, 36.5670386, 0.0 ], [ 10.181186, 36.5670139, 0.0 ], [ 10.1813114, 36.5670914, 0.0 ], [ 10.1814634, 36.5671757, 0.0 ], [ 10.1815482, 36.5669173, 0.0 ], [ 10.1813065, 36.5667694, 0.0 ], [ 10.1809434, 36.5668088, 0.0 ], [ 10.1805724, 36.5669127, 0.0 ], [ 10.1802719, 36.5669872, 0.0 ], [ 10.1801127, 36.5670174, 0.0 ], [ 10.1799877, 36.5669614, 0.0 ], [ 10.1799064, 36.566862, 0.0 ], [ 10.1797395, 36.566971, 0.0 ], [ 10.1796245, 36.5669936, 0.0 ], [ 10.1791721, 36.5669909, 0.0 ], [ 10.1788608, 36.5669368, 0.0 ], [ 10.1785775, 36.5669753, 0.0 ], [ 10.1783739, 36.5669988, 0.0 ], [ 10.1780301, 36.5671453, 0.0 ], [ 10.17766, 36.5673064, 0.0 ], [ 10.1776174, 36.5674213, 0.0 ], [ 10.177456, 36.5673084, 0.0 ], [ 10.1773574, 36.5672378, 0.0 ], [ 10.1773347, 36.5674956, 0.0 ], [ 10.1772476, 36.5676038, 0.0 ], [ 10.1770456, 36.5677346, 0.0 ], [ 10.1767191, 36.5678452, 0.0 ], [ 10.1764115, 36.5680343, 0.0 ], [ 10.1765859, 36.5681214, 0.0 ], [ 10.1765658, 36.5683601, 0.0 ], [ 10.176593, 36.5685888, 0.0 ], [ 10.1767499, 36.5687972, 0.0 ], [ 10.1768811, 36.5688722, 0.0 ], [ 10.1769881, 36.5689093, 0.0 ], [ 10.1772236, 36.5688402, 0.0 ], [ 10.1773779, 36.5688768, 0.0 ], [ 10.1774607, 36.568876, 0.0 ], [ 10.1774736, 36.5689427, 0.0 ], [ 10.177368, 36.569001, 0.0 ], [ 10.177274, 36.56904, 0.0 ], [ 10.1770388, 36.5691282, 0.0 ], [ 10.17711, 36.5691466, 0.0 ], [ 10.1773705, 36.5691631, 0.0 ], [ 10.1775585, 36.5690849, 0.0 ], [ 10.1779004, 36.5690148, 0.0 ], [ 10.1780543, 36.5690228, 0.0 ], [ 10.1782562, 36.569078, 0.0 ], [ 10.1783396, 36.5691154, 0.0 ], [ 10.1785754, 36.5690653, 0.0 ], [ 10.1787528, 36.5690636, 0.0 ], [ 10.1787187, 36.5691593, 0.0 ], [ 10.1784362, 36.569248, 0.0 ], [ 10.1783902, 36.5693343, 0.0 ], [ 10.178273, 36.5694022, 0.0 ], [ 10.1781192, 36.5694038, 0.0 ], [ 10.1778477, 36.5694351, 0.0 ], [ 10.1776358, 36.5695039, 0.0 ], [ 10.1773999, 36.5695444, 0.0 ], [ 10.177164, 36.5695849, 0.0 ], [ 10.176951, 36.5695775, 0.0 ], [ 10.1767501, 36.569589, 0.0 ], [ 10.1764893, 36.5695534, 0.0 ], [ 10.1763938, 36.5694971, 0.0 ], [ 10.1766174, 36.5694186, 0.0 ], [ 10.1764746, 36.5693628, 0.0 ], [ 10.1762492, 36.5693173, 0.0 ], [ 10.1760568, 36.5691093, 0.0 ], [ 10.1759945, 36.5689, 0.0 ], [ 10.1761047, 36.5687446, 0.0 ], [ 10.1761103, 36.5687367, 0.0 ], [ 10.1761548, 36.5688354, 0.0 ], [ 10.176196, 36.5689267, 0.0 ], [ 10.1764359, 36.5691533, 0.0 ], [ 10.1764945, 36.5691145, 0.0 ], [ 10.176339, 36.5690016, 0.0 ], [ 10.1762782, 36.5688877, 0.0 ], [ 10.1763491, 36.568887, 0.0 ], [ 10.1765763, 36.5690469, 0.0 ], [ 10.1766723, 36.5691414, 0.0 ], [ 10.1768729, 36.5691108, 0.0 ], [ 10.1765398, 36.5689805, 0.0 ], [ 10.1763958, 36.5688484, 0.0 ], [ 10.1763934, 36.5686862, 0.0 ], [ 10.1763784, 36.5684765, 0.0 ], [ 10.1763396, 36.5682574, 0.0 ], [ 10.1763075, 36.5681888, 0.0 ], [ 10.1762467, 36.5682792, 0.0 ], [ 10.1760625, 36.5684169, 0.0 ], [ 10.1759309, 36.5685184, 0.0 ], [ 10.1758454, 36.5687267, 0.0 ], [ 10.1757678, 36.5688778, 0.0 ], [ 10.1756629, 36.568979, 0.0 ], [ 10.1755315, 36.5690876, 0.0 ], [ 10.1754354, 36.5691816, 0.0 ], [ 10.1748528, 36.5690225, 0.0 ], [ 10.1749367, 36.5689776, 0.0 ], [ 10.1753973, 36.5686464, 0.0 ], [ 10.1758577, 36.5682989, 0.0 ], [ 10.1760954, 36.5679536, 0.0 ], [ 10.1763131, 36.5676248, 0.0 ], [ 10.1765114, 36.5673452, 0.0 ], [ 10.1765846, 36.5668382, 0.0 ], [ 10.1767426, 36.5665754, 0.0 ], [ 10.1771023, 36.5662615, 0.0 ], [ 10.1774852, 36.5661434, 0.0 ], [ 10.1775692, 36.5660391, 0.0 ], [ 10.1775691, 36.5660388, 0.0 ], [ 10.17757, 36.5660378, 0.0 ], [ 10.1775713, 36.5660306, 0.0 ], [ 10.1775719, 36.5660268, 0.0 ], [ 10.1775903, 36.5659249, 0.0 ], [ 10.1775926, 36.5659123, 0.0 ], [ 10.1776228, 36.5658303, 0.0 ], [ 10.1776341, 36.5657995, 0.0 ], [ 10.177745, 36.5656933, 0.0 ], [ 10.1778903, 36.5655542, 0.0 ], [ 10.1778904, 36.5655541, 0.0 ], [ 10.1778905, 36.565554, 0.0 ], [ 10.1778906, 36.5655539, 0.0 ], [ 10.1778906, 36.5655539, 0.0 ], [ 10.1778908, 36.5655537, 0.0 ], [ 10.177891, 36.5655535, 0.0 ], [ 10.1778911, 36.5655535, 0.0 ], [ 10.1778915, 36.5655531, 0.0 ], [ 10.1778918, 36.5655528, 0.0 ], [ 10.177892, 36.5655525, 0.0 ], [ 10.1778924, 36.5655522, 0.0 ], [ 10.1778926, 36.565552, 0.0 ], [ 10.1778933, 36.5655514, 0.0 ], [ 10.1778934, 36.5655512, 0.0 ], [ 10.177894, 36.5655507, 0.0 ], [ 10.1778943, 36.5655504, 0.0 ], [ 10.1778944, 36.5655503, 0.0 ], [ 10.1778947, 36.56555, 0.0 ], [ 10.1778953, 36.5655494, 0.0 ], [ 10.1778954, 36.5655493, 0.0 ], [ 10.1778958, 36.5655489, 0.0 ], [ 10.1778962, 36.5655486, 0.0 ], [ 10.1778968, 36.565548, 0.0 ], [ 10.1778972, 36.5655476, 0.0 ], [ 10.1778976, 36.5655472, 0.0 ], [ 10.1778981, 36.5655468, 0.0 ], [ 10.1778982, 36.5655467, 0.0 ], [ 10.1778984, 36.5655465, 0.0 ], [ 10.1778991, 36.5655457, 0.0 ], [ 10.1778993, 36.5655455, 0.0 ], [ 10.1779001, 36.5655448, 0.0 ], [ 10.1779006, 36.5655444, 0.0 ], [ 10.1779008, 36.5655442, 0.0 ], [ 10.1779013, 36.5655437, 0.0 ], [ 10.1779016, 36.5655434, 0.0 ], [ 10.1779027, 36.5655424, 0.0 ], [ 10.1779037, 36.5655414, 0.0 ], [ 10.1779041, 36.565541, 0.0 ], [ 10.1779047, 36.5655405, 0.0 ], [ 10.1779056, 36.5655397, 0.0 ], [ 10.1779074, 36.5655382, 0.0 ], [ 10.1779087, 36.565537, 0.0 ], [ 10.1779093, 36.5655365, 0.0 ], [ 10.177911, 36.5655351, 0.0 ], [ 10.177912, 36.5655342, 0.0 ], [ 10.1779124, 36.5655339, 0.0 ], [ 10.1779143, 36.5655322, 0.0 ], [ 10.1779156, 36.5655311, 0.0 ], [ 10.1779176, 36.5655294, 0.0 ], [ 10.1779188, 36.5655284, 0.0 ], [ 10.1779192, 36.565528, 0.0 ], [ 10.17792, 36.5655274, 0.0 ], [ 10.1779213, 36.5655263, 0.0 ], [ 10.1779222, 36.5655255, 0.0 ], [ 10.1779225, 36.5655252, 0.0 ], [ 10.1779245, 36.5655236, 0.0 ], [ 10.1779251, 36.565523, 0.0 ], [ 10.1779256, 36.5655226, 0.0 ], [ 10.1779267, 36.5655216, 0.0 ], [ 10.1779284, 36.5655202, 0.0 ], [ 10.1779296, 36.5655191, 0.0 ], [ 10.1779315, 36.5655175, 0.0 ], [ 10.1779325, 36.5655166, 0.0 ], [ 10.1779331, 36.5655161, 0.0 ], [ 10.1779334, 36.5655159, 0.0 ], [ 10.1779351, 36.5655144, 0.0 ], [ 10.1779366, 36.5655132, 0.0 ], [ 10.1779376, 36.5655123, 0.0 ], [ 10.1779383, 36.5655117, 0.0 ], [ 10.1779397, 36.5655105, 0.0 ], [ 10.177941, 36.5655094, 0.0 ], [ 10.1779441, 36.5655067, 0.0 ], [ 10.1779447, 36.5655062, 0.0 ], [ 10.1779508, 36.565501, 0.0 ], [ 10.1779604, 36.5654928, 0.0 ], [ 10.1779656, 36.5654883, 0.0 ], [ 10.1779731, 36.5654819, 0.0 ], [ 10.1779742, 36.565481, 0.0 ], [ 10.177975, 36.5654803, 0.0 ], [ 10.1779756, 36.5654797, 0.0 ], [ 10.1779801, 36.5654759, 0.0 ], [ 10.1779827, 36.5654737, 0.0 ], [ 10.1779856, 36.5654712, 0.0 ], [ 10.1779867, 36.5654702, 0.0 ], [ 10.1779877, 36.5654694, 0.0 ], [ 10.1779887, 36.5654685, 0.0 ], [ 10.1779905, 36.565467, 0.0 ], [ 10.1779916, 36.5654661, 0.0 ], [ 10.1779919, 36.5654658, 0.0 ], [ 10.1779942, 36.5654639, 0.0 ], [ 10.1779943, 36.5654638, 0.0 ], [ 10.1779946, 36.5654635, 0.0 ], [ 10.1779959, 36.5654624, 0.0 ], [ 10.1779971, 36.5654614, 0.0 ], [ 10.1779985, 36.5654602, 0.0 ], [ 10.1779999, 36.5654589, 0.0 ], [ 10.1780012, 36.5654579, 0.0 ], [ 10.1780015, 36.5654576, 0.0 ], [ 10.1780028, 36.5654564, 0.0 ], [ 10.1780046, 36.5654549, 0.0 ], [ 10.1780058, 36.5654539, 0.0 ], [ 10.1780079, 36.5654521, 0.0 ], [ 10.1780093, 36.5654509, 0.0 ], [ 10.1780102, 36.5654501, 0.0 ], [ 10.1780126, 36.5654481, 0.0 ], [ 10.178014, 36.5654469, 0.0 ], [ 10.1780164, 36.5654448, 0.0 ], [ 10.178018, 36.5654434, 0.0 ], [ 10.1780189, 36.5654427, 0.0 ], [ 10.1780209, 36.565441, 0.0 ], [ 10.1780225, 36.5654396, 0.0 ], [ 10.1780229, 36.5654393, 0.0 ], [ 10.1780248, 36.5654377, 0.0 ], [ 10.1780263, 36.5654364, 0.0 ], [ 10.1780277, 36.5654351, 0.0 ], [ 10.1780282, 36.5654347, 0.0 ], [ 10.1780317, 36.5654317, 0.0 ], [ 10.1780334, 36.5654303, 0.0 ], [ 10.1780353, 36.5654287, 0.0 ], [ 10.1780376, 36.5654266, 0.0 ], [ 10.1780384, 36.565426, 0.0 ], [ 10.1780403, 36.5654244, 0.0 ], [ 10.1780419, 36.565423, 0.0 ], [ 10.1780435, 36.5654217, 0.0 ], [ 10.1780461, 36.5654194, 0.0 ], [ 10.178048, 36.5654178, 0.0 ], [ 10.1780486, 36.5654173, 0.0 ], [ 10.1780511, 36.5654151, 0.0 ], [ 10.1780532, 36.5654133, 0.0 ], [ 10.1780536, 36.565413, 0.0 ], [ 10.1780567, 36.5654104, 0.0 ], [ 10.1780578, 36.5654094, 0.0 ], [ 10.1780602, 36.5654073, 0.0 ], [ 10.1780622, 36.5654056, 0.0 ], [ 10.1780625, 36.5654054, 0.0 ], [ 10.1780645, 36.5654037, 0.0 ], [ 10.178066, 36.5654024, 0.0 ], [ 10.1780668, 36.5654017, 0.0 ], [ 10.1780674, 36.5654011, 0.0 ], [ 10.1780697, 36.5653992, 0.0 ], [ 10.1780716, 36.5653976, 0.0 ], [ 10.1780722, 36.5653971, 0.0 ], [ 10.1780741, 36.5653955, 0.0 ], [ 10.1780758, 36.565394, 0.0 ], [ 10.178078, 36.5653921, 0.0 ], [ 10.1780797, 36.5653906, 0.0 ], [ 10.178082, 36.5653887, 0.0 ], [ 10.1780835, 36.5653874, 0.0 ], [ 10.1780841, 36.5653869, 0.0 ], [ 10.1780858, 36.5653854, 0.0 ], [ 10.1780888, 36.5653828, 0.0 ], [ 10.1780924, 36.5653798, 0.0 ], [ 10.1780931, 36.5653792, 0.0 ], [ 10.1780957, 36.565377, 0.0 ], [ 10.1780978, 36.5653752, 0.0 ], [ 10.1780982, 36.5653748, 0.0 ], [ 10.1781015, 36.5653719, 0.0 ], [ 10.1781042, 36.5653696, 0.0 ], [ 10.1781062, 36.565368, 0.0 ], [ 10.1781095, 36.5653651, 0.0 ], [ 10.1781115, 36.5653634, 0.0 ], [ 10.178115, 36.5653604, 0.0 ], [ 10.1781175, 36.5653583, 0.0 ], [ 10.1781222, 36.5653543, 0.0 ], [ 10.1781236, 36.5653531, 0.0 ], [ 10.1781271, 36.5653501, 0.0 ], [ 10.1781291, 36.5653484, 0.0 ], [ 10.1781325, 36.5653454, 0.0 ], [ 10.1781349, 36.5653434, 0.0 ], [ 10.1781357, 36.5653427, 0.0 ], [ 10.1781389, 36.56534, 0.0 ], [ 10.1781412, 36.5653379, 0.0 ], [ 10.1781418, 36.5653375, 0.0 ], [ 10.1781439, 36.5653356, 0.0 ], [ 10.1781464, 36.5653335, 0.0 ], [ 10.1781479, 36.5653322, 0.0 ], [ 10.1781507, 36.5653298, 0.0 ], [ 10.1781524, 36.5653284, 0.0 ], [ 10.1781538, 36.5653272, 0.0 ], [ 10.1781564, 36.565325, 0.0 ], [ 10.1781575, 36.565324, 0.0 ], [ 10.1781584, 36.5653232, 0.0 ], [ 10.178159, 36.5653227, 0.0 ], [ 10.1781594, 36.5653224, 0.0 ], [ 10.1781609, 36.5653211, 0.0 ], [ 10.1781622, 36.56532, 0.0 ], [ 10.1781631, 36.5653192, 0.0 ], [ 10.1781643, 36.5653182, 0.0 ], [ 10.1781655, 36.5653172, 0.0 ], [ 10.178166, 36.5653168, 0.0 ], [ 10.1781664, 36.5653164, 0.0 ], [ 10.1781667, 36.5653161, 0.0 ], [ 10.178167, 36.5653158, 0.0 ], [ 10.1781673, 36.5653156, 0.0 ], [ 10.1781675, 36.5653155, 0.0 ], [ 10.1781677, 36.5653153, 0.0 ], [ 10.178168, 36.5653151, 0.0 ], [ 10.1781682, 36.5653149, 0.0 ], [ 10.1781683, 36.5653148, 0.0 ], [ 10.1781684, 36.5653147, 0.0 ], [ 10.1781696, 36.5653137, 0.0 ], [ 10.1782211, 36.5652477, 0.0 ], [ 10.1782248, 36.5652429, 0.0 ], [ 10.1782273, 36.5652397, 0.0 ], [ 10.178229, 36.5652376, 0.0 ], [ 10.1782306, 36.5652355, 0.0 ], [ 10.1782312, 36.5652347, 0.0 ], [ 10.1782322, 36.5652335, 0.0 ], [ 10.1782335, 36.5652318, 0.0 ], [ 10.1782354, 36.5652294, 0.0 ], [ 10.1782369, 36.5652275, 0.0 ], [ 10.1782402, 36.5652232, 0.0 ], [ 10.1782428, 36.56522, 0.0 ], [ 10.1782459, 36.565216, 0.0 ], [ 10.1782481, 36.5652131, 0.0 ], [ 10.1782493, 36.5652116, 0.0 ], [ 10.1782525, 36.5652074, 0.0 ], [ 10.1782555, 36.5652037, 0.0 ], [ 10.1782583, 36.5652001, 0.0 ], [ 10.1782607, 36.565197, 0.0 ], [ 10.1782639, 36.5651929, 0.0 ], [ 10.1782656, 36.5651907, 0.0 ], [ 10.178269, 36.5651863, 0.0 ], [ 10.1782706, 36.5651843, 0.0 ], [ 10.1782709, 36.5651839, 0.0 ], [ 10.1782733, 36.5651809, 0.0 ], [ 10.1782747, 36.565178, 0.0 ], [ 10.1782756, 36.5651763, 0.0 ], [ 10.1783387, 36.5650517, 0.0 ], [ 10.1784089, 36.5649132, 0.0 ], [ 10.1784149, 36.5649013, 0.0 ], [ 10.1784675, 36.5647975, 0.0 ], [ 10.1785512, 36.5646527, 0.0 ], [ 10.178583, 36.5645988, 0.0 ], [ 10.1786118, 36.5646697, 0.0 ], [ 10.1788473, 36.5646075, 0.0 ], [ 10.179067, 36.5644698, 0.0 ], [ 10.1792305, 36.5644629, 0.0 ], [ 10.1792387, 36.5645895, 0.0 ], [ 10.1791853, 36.5649333, 0.0 ], [ 10.1792595, 36.5650752, 0.0 ], [ 10.1792937, 36.5651406, 0.0 ], [ 10.1794699, 36.5650807, 0.0 ], [ 10.1796671, 36.5647649, 0.0 ], [ 10.1797805, 36.5645834, 0.0 ], [ 10.1796017, 36.5643378, 0.0 ], [ 10.1793757, 36.5641077, 0.0 ], [ 10.1794188, 36.5639277, 0.0 ], [ 10.1795884, 36.5638943, 0.0 ], [ 10.1797152, 36.5638694, 0.0 ], [ 10.1796058, 36.563741, 0.0 ], [ 10.1797241, 36.5636754, 0.0 ], [ 10.1800046, 36.5637107, 0.0 ], [ 10.1802374, 36.5637399, 0.0 ], [ 10.1804671, 36.5637688, 0.0 ], [ 10.1804478, 36.5638686, 0.0 ], [ 10.1805392, 36.5639958, 0.0 ], [ 10.1807805, 36.5639406, 0.0 ], [ 10.1812807, 36.5638262, 0.0 ], [ 10.1813735, 36.563805, 0.0 ], [ 10.181414, 36.5639204, 0.0 ], [ 10.1817162, 36.5639155, 0.0 ], [ 10.1820598, 36.5636903, 0.0 ], [ 10.1822717, 36.5635514, 0.0 ], [ 10.1822648, 36.5633979, 0.0 ], [ 10.1824014, 36.5633938, 0.0 ], [ 10.1828012, 36.5633821, 0.0 ], [ 10.1828054, 36.5634741, 0.0 ], [ 10.1828836, 36.5634718, 0.0 ], [ 10.1830242, 36.5634062, 0.0 ], [ 10.1829755, 36.5632165, 0.0 ], [ 10.1829526, 36.5631273, 0.0 ], [ 10.1831149, 36.5631002, 0.0 ], [ 10.1836236, 36.5632154, 0.0 ], [ 10.1840714, 36.5633958, 0.0 ], [ 10.1842278, 36.5633467, 0.0 ], [ 10.1843671, 36.5634668, 0.0 ], [ 10.1844277, 36.563577, 0.0 ], [ 10.1845848, 36.5635755, 0.0 ], [ 10.1847282, 36.5635371, 0.0 ], [ 10.1848484, 36.5636943, 0.0 ], [ 10.1850053, 36.5636769, 0.0 ], [ 10.1852133, 36.5635798, 0.0 ], [ 10.18533, 36.5635253, 0.0 ], [ 10.1855556, 36.5637084, 0.0 ], [ 10.185877, 36.5637475, 0.0 ], [ 10.1861645, 36.5637129, 0.0 ], [ 10.1863509, 36.5636905, 0.0 ], [ 10.186418, 36.5635942, 0.0 ], [ 10.1866247, 36.5636879, 0.0 ], [ 10.1866434, 36.5637821, 0.0 ], [ 10.1869187, 36.5638057, 0.0 ], [ 10.1870854, 36.5640047, 0.0 ], [ 10.1871685, 36.5641039, 0.0 ], [ 10.1872064, 36.5642148, 0.0 ], [ 10.1874727, 36.5641554, 0.0 ], [ 10.1878569, 36.5640698, 0.0 ], [ 10.1881605, 36.5641049, 0.0 ], [ 10.1883695, 36.5640764, 0.0 ], [ 10.1887103, 36.5640994, 0.0 ], [ 10.1890388, 36.5641807, 0.0 ], [ 10.1892457, 36.5640149, 0.0 ], [ 10.1896111, 36.5639373, 0.0 ], [ 10.1900157, 36.5638514, 0.0 ], [ 10.1901174, 36.5638298, 0.0 ], [ 10.1904441, 36.5640452, 0.0 ], [ 10.1906087, 36.5641016, 0.0 ], [ 10.1907783, 36.5640682, 0.0 ], [ 10.19103, 36.5638334, 0.0 ], [ 10.1911747, 36.5638742, 0.0 ], [ 10.1914734, 36.5641458, 0.0 ], [ 10.1916447, 36.564218, 0.0 ], [ 10.19176, 36.5640401, 0.0 ], [ 10.1919026, 36.5639567, 0.0 ], [ 10.1920806, 36.5640394, 0.0 ], [ 10.1922048, 36.5640276, 0.0 ], [ 10.192194, 36.563954, 0.0 ], [ 10.1923597, 36.5639382, 0.0 ], [ 10.1924645, 36.5638877, 0.0 ], [ 10.1926282, 36.5638966, 0.0 ], [ 10.1928142, 36.5636466, 0.0 ], [ 10.1929705, 36.5635922, 0.0 ], [ 10.1931486, 36.5636802, 0.0 ], [ 10.193246, 36.5636317, 0.0 ], [ 10.1933028, 36.5634938, 0.0 ], [ 10.1934783, 36.5634076, 0.0 ], [ 10.1935415, 36.5633765, 0.0 ], [ 10.1934496, 36.5632548, 0.0 ], [ 10.1935685, 36.5631963, 0.0 ], [ 10.1936827, 36.5631402, 0.0 ], [ 10.1938536, 36.5631292, 0.0 ], [ 10.1940298, 36.5631179, 0.0 ], [ 10.194134, 36.5630578, 0.0 ], [ 10.194175, 36.563104, 0.0 ], [ 10.1942526, 36.5631914, 0.0 ], [ 10.1944458, 36.563324, 0.0 ], [ 10.1945242, 36.5633179, 0.0 ], [ 10.1946079, 36.5632273, 0.0 ], [ 10.1946569, 36.5631742, 0.0 ], [ 10.1946914, 36.563137, 0.0 ], [ 10.1947437, 36.5631685, 0.0 ], [ 10.1947788, 36.5632678, 0.0 ], [ 10.1948773, 36.5632452, 0.0 ], [ 10.1949399, 36.5631025, 0.0 ], [ 10.1950632, 36.5630379, 0.0 ], [ 10.1951953, 36.5631105, 0.0 ], [ 10.1953253, 36.5630511, 0.0 ], [ 10.1953367, 36.5629401, 0.0 ], [ 10.1955068, 36.5629514, 0.0 ], [ 10.1956394, 36.5629603, 0.0 ], [ 10.1956505, 36.5628529, 0.0 ], [ 10.1957056, 36.562776, 0.0 ], [ 10.1958583, 36.5628101, 0.0 ], [ 10.19604, 36.5628123, 0.0 ], [ 10.1960416, 36.5627268, 0.0 ], [ 10.196043, 36.5626468, 0.0 ], [ 10.196044, 36.5625931, 0.0 ], [ 10.196175, 36.5626525, 0.0 ], [ 10.1962679, 36.5626278, 0.0 ], [ 10.1963243, 36.5626128, 0.0 ], [ 10.1963963, 36.562678, 0.0 ], [ 10.1965375, 36.5627895, 0.0 ], [ 10.1968791, 36.5630866, 0.0 ], [ 10.1971301, 36.5632558, 0.0 ], [ 10.1975321, 36.5634378, 0.0 ], [ 10.1977392, 36.5636432, 0.0 ], [ 10.1977586, 36.5637503, 0.0 ], [ 10.1975921, 36.5638808, 0.0 ], [ 10.1973553, 36.5640549, 0.0 ], [ 10.1972304, 36.5640061, 0.0 ], [ 10.1971056, 36.5639644, 0.0 ], [ 10.1969283, 36.5639733, 0.0 ], [ 10.1968048, 36.5640175, 0.0 ], [ 10.1966567, 36.5641907, 0.0 ], [ 10.1965682, 36.5642059, 0.0 ], [ 10.1964986, 36.5642925, 0.0 ], [ 10.1963568, 36.564301, 0.0 ], [ 10.1962065, 36.5643312, 0.0 ], [ 10.1961895, 36.5643814, 0.0 ], [ 10.196112, 36.5645325, 0.0 ], [ 10.1959957, 36.5644692, 0.0 ], [ 10.1958615, 36.5643919, 0.0 ], [ 10.1957014, 36.5643649, 0.0 ], [ 10.1956476, 36.5643296, 0.0 ], [ 10.195592, 36.5641728, 0.0 ], [ 10.195555, 36.564073, 0.0 ], [ 10.1954194, 36.5639097, 0.0 ], [ 10.1952953, 36.563911, 0.0 ], [ 10.1950292, 36.5639137, 0.0 ], [ 10.1948782, 36.5639009, 0.0 ], [ 10.1947922, 36.5640735, 0.0 ], [ 10.1946951, 36.564103, 0.0 ], [ 10.1944903, 36.564055, 0.0 ], [ 10.1943745, 36.5640204, 0.0 ], [ 10.1945834, 36.5643403, 0.0 ], [ 10.1945939, 36.5644475, 0.0 ], [ 10.1942127, 36.5644585, 0.0 ], [ 10.1940603, 36.5643527, 0.0 ], [ 10.193827, 36.5641833, 0.0 ], [ 10.1936931, 36.5641274, 0.0 ], [ 10.1935876, 36.5641857, 0.0 ], [ 10.1934274, 36.5641515, 0.0 ], [ 10.1932586, 36.5641317, 0.0 ], [ 10.1931533, 36.5642115, 0.0 ], [ 10.1931995, 36.5643255, 0.0 ], [ 10.1930138, 36.5643632, 0.0 ], [ 10.1927485, 36.5644159, 0.0 ], [ 10.1929098, 36.5645216, 0.0 ], [ 10.1929816, 36.5645781, 0.0 ], [ 10.1930357, 36.5646348, 0.0 ], [ 10.1932136, 36.5646688, 0.0 ], [ 10.1932677, 36.5647255, 0.0 ], [ 10.1930395, 36.5648852, 0.0 ], [ 10.1926786, 36.5650606, 0.0 ], [ 10.1928572, 36.5651447, 0.0 ], [ 10.1929658, 36.5652795, 0.0 ], [ 10.1932936, 36.5652548, 0.0 ], [ 10.1934014, 36.5653467, 0.0 ], [ 10.1933942, 36.5654541, 0.0 ], [ 10.1935908, 36.5655452, 0.0 ], [ 10.1936896, 36.56563, 0.0 ], [ 10.1937357, 36.5657441, 0.0 ], [ 10.1939138, 36.5657852, 0.0 ], [ 10.1941453, 36.5658401, 0.0 ], [ 10.1942343, 36.5658607, 0.0 ], [ 10.1943335, 36.565967, 0.0 ], [ 10.1944142, 36.5660235, 0.0 ], [ 10.1945284, 36.5659508, 0.0 ], [ 10.1945813, 36.5659288, 0.0 ], [ 10.1946703, 36.5659494, 0.0 ], [ 10.1946717, 36.5660424, 0.0 ], [ 10.1946999, 36.5661423, 0.0 ], [ 10.1948257, 36.5662483, 0.0 ], [ 10.1948864, 36.5661619, 0.0 ], [ 10.1949741, 36.5660966, 0.0 ], [ 10.1951344, 36.5661379, 0.0 ], [ 10.1955881, 36.5662192, 0.0 ], [ 10.1956775, 36.5662684, 0.0 ], [ 10.1958733, 36.5663094, 0.0 ], [ 10.1959988, 36.566394, 0.0 ], [ 10.196194, 36.5663992, 0.0 ], [ 10.1963888, 36.5663758, 0.0 ], [ 10.1966737, 36.5664444, 0.0 ], [ 10.1968613, 36.5665284, 0.0 ], [ 10.1970758, 36.5666336, 0.0 ], [ 10.1971999, 36.5666252, 0.0 ], [ 10.1973709, 36.5667881, 0.0 ], [ 10.1974858, 36.5667583, 0.0 ], [ 10.1978055, 36.5667837, 0.0 ], [ 10.1981163, 36.5668092, 0.0 ], [ 10.1983193, 36.5667427, 0.0 ], [ 10.1985149, 36.5667694, 0.0 ], [ 10.1987466, 36.5668386, 0.0 ], [ 10.1990493, 36.5669143, 0.0 ], [ 10.199218, 36.5669197, 0.0 ], [ 10.1992904, 36.567012, 0.0 ], [ 10.1996371, 36.5670658, 0.0 ], [ 10.1998071, 36.5671571, 0.0 ], [ 10.2000188, 36.5670834, 0.0 ], [ 10.2001953, 36.5670244, 0.0 ], [ 10.2005492, 36.5669636, 0.0 ], [ 10.2007355, 36.5667557, 0.0 ], [ 10.2007497, 36.5667398, 0.0 ], [ 10.2009245, 36.5665663, 0.0 ], [ 10.2012382, 36.5667778, 0.0 ], [ 10.2018079, 36.566908, 0.0 ], [ 10.202412, 36.5669663, 0.0 ], [ 10.2024641, 36.5670144, 0.0 ], [ 10.2020589, 36.5671998, 0.0 ], [ 10.2018137, 36.5674026, 0.0 ], [ 10.2016229, 36.567686, 0.0 ], [ 10.2014507, 36.5680216, 0.0 ], [ 10.2013841, 36.5683037, 0.0 ], [ 10.2013641, 36.5685377, 0.0 ], [ 10.2012748, 36.568882, 0.0 ], [ 10.2011384, 36.5692364, 0.0 ], [ 10.2011052, 36.5693846, 0.0 ], [ 10.2011066, 36.5694752, 0.0 ], [ 10.2011673, 36.5695748, 0.0 ], [ 10.2012281, 36.5696839, 0.0 ], [ 10.2012186, 36.5698366, 0.0 ], [ 10.2011143, 36.569976, 0.0 ], [ 10.2009742, 36.5700919, 0.0 ], [ 10.2005176, 36.5706235, 0.0 ], [ 10.2001353, 36.5705955, 0.0 ], [ 10.1998515, 36.5706055, 0.0 ], [ 10.1998229, 36.5706147, 0.0 ], [ 10.1996631, 36.5706348, 0.0 ], [ 10.1994857, 36.5707237, 0.0 ], [ 10.1993484, 36.570768, 0.0 ], [ 10.1992662, 36.5706114, 0.0 ], [ 10.1992581, 36.5706089, 0.0 ], [ 10.1991798, 36.5705853, 0.0 ], [ 10.1991057, 36.5705629, 0.0 ], [ 10.1987337, 36.5705953, 0.0 ], [ 10.1985645, 36.570554, 0.0 ], [ 10.198376, 36.5704128, 0.0 ], [ 10.1982494, 36.5702567, 0.0 ], [ 10.1983524, 36.5700559, 0.0 ], [ 10.1983528, 36.5700553, 0.0 ], [ 10.1984482, 36.5699184, 0.0 ], [ 10.1984179, 36.5696754, 0.0 ], [ 10.198593, 36.5695306, 0.0 ], [ 10.1987561, 36.5693828, 0.0 ], [ 10.1987767, 36.5693641, 0.0 ], [ 10.1985857, 36.5691747, 0.0 ], [ 10.1985695, 36.5691587, 0.0 ], [ 10.1981086, 36.5691777, 0.0 ], [ 10.1978887, 36.5693015, 0.0 ], [ 10.1977976, 36.569145, 0.0 ], [ 10.1977193, 36.5689926, 0.0 ], [ 10.1977061, 36.568967, 0.0 ], [ 10.1975701, 36.5687752, 0.0 ], [ 10.1973325, 36.5688992, 0.0 ], [ 10.1972228, 36.5690142, 0.0 ], [ 10.1972016, 36.5690365, 0.0 ], [ 10.1972036, 36.5691653, 0.0 ], [ 10.1972144, 36.569294, 0.0 ], [ 10.197092, 36.5694097, 0.0 ], [ 10.1968975, 36.5694474, 0.0 ], [ 10.1968173, 36.5694268, 0.0 ], [ 10.1965522, 36.5694938, 0.0 ], [ 10.1965457, 36.5694927, 0.0 ], [ 10.1965367, 36.5694913, 0.0 ], [ 10.1963477, 36.5694601, 0.0 ], [ 10.1961892, 36.5695404, 0.0 ], [ 10.1960314, 36.5696565, 0.0 ], [ 10.1958021, 36.5697446, 0.0 ], [ 10.1956186, 36.5699253, 0.0 ], [ 10.1954153, 36.5699703, 0.0 ], [ 10.1952024, 36.5699724, 0.0 ], [ 10.1950586, 36.5698523, 0.0 ], [ 10.1949409, 36.569696, 0.0 ], [ 10.1946832, 36.56967, 0.0 ], [ 10.1944089, 36.5697157, 0.0 ], [ 10.194161, 36.5698188, 0.0 ], [ 10.1941093, 36.5698403, 0.0 ], [ 10.1941026, 36.5698536, 0.0 ], [ 10.1940662, 36.5699266, 0.0 ], [ 10.1941747, 36.5700543, 0.0 ], [ 10.1943976, 36.5701308, 0.0 ], [ 10.1949018, 36.5700399, 0.0 ], [ 10.1951332, 36.5700876, 0.0 ], [ 10.1950759, 36.5703959, 0.0 ], [ 10.1949202, 36.570655, 0.0 ], [ 10.1947334, 36.5706211, 0.0 ], [ 10.1946108, 36.5707297, 0.0 ], [ 10.1946138, 36.5709228, 0.0 ], [ 10.1943552, 36.5708324, 0.0 ] ] ] } },
{ "type": "Feature", "properties": { "OBJECTID": 4162, "ID": 0, "SUP": 8.049, "Shape_Leng": 0.021194128587899999, "Shape_Area": 8.1029131446600007e-06 }, "geometry": { "type": "Polygon", "coordinates": [ [ [ 10.3069741, 36.5273024, 0.0 ], [ 10.3069177, 36.5274006, 0.0 ], [ 10.3067444, 36.5277025, 0.0 ], [ 10.3064825, 36.5281585, 0.0 ], [ 10.3064825, 36.5281585, 0.0 ], [ 10.3064513, 36.5282675, 0.0 ], [ 10.3064513, 36.5282675, 0.0 ], [ 10.3061265, 36.5283748, 0.0 ], [ 10.3060204, 36.5283304, 0.0 ], [ 10.3060116, 36.5283156, 0.0 ], [ 10.3058759, 36.5280873, 0.0 ], [ 10.3056755, 36.5279641, 0.0 ], [ 10.3055356, 36.5278781, 0.0 ], [ 10.3055356, 36.5278781, 0.0 ], [ 10.3055356, 36.5278781, 0.0 ], [ 10.3053579, 36.5279933, 0.0 ], [ 10.3049486, 36.5280295, 0.0 ], [ 10.3046326, 36.5279333, 0.0 ], [ 10.3045777, 36.5276711, 0.0 ], [ 10.3046149, 36.5275483, 0.0 ], [ 10.3046149, 36.5275483, 0.0 ], [ 10.3046149, 36.5275483, 0.0 ], [ 10.3044037, 36.5274769, 0.0 ], [ 10.3042253, 36.5274167, 0.0 ], [ 10.3042253, 36.5274167, 0.0 ], [ 10.3042253, 36.5274167, 0.0 ], [ 10.3038633, 36.5275883, 0.0 ], [ 10.3035729, 36.5276821, 0.0 ], [ 10.303315, 36.527703, 0.0 ], [ 10.3029598, 36.5276118, 0.0 ], [ 10.3027109, 36.5274831, 0.0 ], [ 10.3025687, 36.5274096, 0.0 ], [ 10.3024104, 36.5273278, 0.0 ], [ 10.3024104, 36.5273278, 0.0 ], [ 10.3022837, 36.5271343, 0.0 ], [ 10.3024292, 36.5267702, 0.0 ], [ 10.3025034, 36.5265845, 0.0 ], [ 10.302592, 36.5263627, 0.0 ], [ 10.3026799, 36.5263235, 0.0 ], [ 10.3027291, 36.5259061, 0.0 ], [ 10.3027291, 36.5259061, 0.0 ], [ 10.3026771, 36.5257729, 0.0 ], [ 10.3026763, 36.5257707, 0.0 ], [ 10.3026763, 36.5257707, 0.0 ], [ 10.3026763, 36.5257707, 0.0 ], [ 10.3026763, 36.5257707, 0.0 ], [ 10.3027281, 36.525707, 0.0 ], [ 10.3029373, 36.52545, 0.0 ], [ 10.3029402, 36.5254469, 0.0 ], [ 10.3033482, 36.5249972, 0.0 ], [ 10.3035429, 36.5247827, 0.0 ], [ 10.3038554, 36.5244889, 0.0 ], [ 10.3038567, 36.5245071, 0.0 ], [ 10.3039232, 36.5245705, 0.0 ], [ 10.3039777, 36.5246555, 0.0 ], [ 10.3040164, 36.5247356, 0.0 ], [ 10.3040411, 36.5249089, 0.0 ], [ 10.3040295, 36.5250525, 0.0 ], [ 10.3042069, 36.5251273, 0.0 ], [ 10.304261, 36.5250965, 0.0 ], [ 10.304293, 36.5250533, 0.0 ], [ 10.3042916, 36.5249741, 0.0 ], [ 10.3042887, 36.5248936, 0.0 ], [ 10.3042889, 36.5248118, 0.0 ], [ 10.3042671, 36.5246297, 0.0 ], [ 10.3042385, 36.5244991, 0.0 ], [ 10.304193, 36.5243902, 0.0 ], [ 10.3041356, 36.5243153, 0.0 ], [ 10.3039796, 36.5244013, 0.0 ], [ 10.3038817, 36.5244625, 0.0 ], [ 10.3040789, 36.524234, 0.0 ], [ 10.3040789, 36.524234, 0.0 ], [ 10.3040789, 36.524234, 0.0 ], [ 10.3043188, 36.5242402, 0.0 ], [ 10.3045611, 36.5246448, 0.0 ], [ 10.304724, 36.524996, 0.0 ], [ 10.3049563, 36.5254732, 0.0 ], [ 10.3053224, 36.5259037, 0.0 ], [ 10.305802, 36.5264143, 0.0 ], [ 10.3067568, 36.5271732, 0.0 ], [ 10.3069741, 36.5273024, 0.0 ] ], [ [ 10.3044143, 36.5264284, 0.0 ], [ 10.3046403, 36.5264284, 0.0 ], [ 10.3047903, 36.5264507, 0.0 ], [ 10.3049694, 36.5264386, 0.0 ], [ 10.3049622, 36.5263846, 0.0 ], [ 10.3050227, 36.5263663, 0.0 ], [ 10.3050646, 36.5263533, 0.0 ], [ 10.3050971, 36.5263379, 0.0 ], [ 10.3051247, 36.5263149, 0.0 ], [ 10.3051383, 36.5262858, 0.0 ], [ 10.305139, 36.5262393, 0.0 ], [ 10.3051305, 36.5261953, 0.0 ], [ 10.3050956, 36.5260686, 0.0 ], [ 10.3051054, 36.525905, 0.0 ], [ 10.3050784, 36.5258789, 0.0 ], [ 10.3050428, 36.5257987, 0.0 ], [ 10.3050117, 36.5257123, 0.0 ], [ 10.3049716, 36.525641, 0.0 ], [ 10.3048999, 36.5255487, 0.0 ], [ 10.3047581, 36.5255565, 0.0 ], [ 10.3045773, 36.5256478, 0.0 ], [ 10.3043108, 36.5257451, 0.0 ], [ 10.3041095, 36.5252667, 0.0 ], [ 10.3039234, 36.5253228, 0.0 ], [ 10.3038185, 36.5253869, 0.0 ], [ 10.303776, 36.5253647, 0.0 ], [ 10.3036803, 36.5253293, 0.0 ], [ 10.3036542, 36.5253535, 0.0 ], [ 10.3036334, 36.5254141, 0.0 ], [ 10.3036298, 36.5254795, 0.0 ], [ 10.303612, 36.5255301, 0.0 ], [ 10.3036055, 36.5256069, 0.0 ], [ 10.3036342, 36.5257374, 0.0 ], [ 10.3036297, 36.5258419, 0.0 ], [ 10.3035862, 36.525943, 0.0 ], [ 10.30354, 36.5260731, 0.0 ], [ 10.3035494, 36.5261673, 0.0 ], [ 10.3035673, 36.5262086, 0.0 ], [ 10.3035917, 36.5262713, 0.0 ], [ 10.3036409, 36.5263261, 0.0 ], [ 10.3038012, 36.5263998, 0.0 ], [ 10.3039831, 36.5264633, 0.0 ], [ 10.3041489, 36.5264967, 0.0 ], [ 10.3042497, 36.5264666, 0.0 ], [ 10.3044143, 36.5264284, 0.0 ] ] ] } },
{ "type": "Feature", "properties": { "OBJECTID": 4220, "ID": 0, "SUP": 47.864, "Shape_Leng": 0.061762268543200001, "Shape_Area": 4.81954784158e-05 }, "geometry": { "type": "Polygon", "coordinates": [ [ [ 10.2949425, 36.5521625, 0.0 ], [ 10.2948555, 36.5522588, 0.0 ], [ 10.2950933, 36.5523397, 0.0 ], [ 10.2953022, 36.5524567, 0.0 ], [ 10.2954362, 36.5525149, 0.0 ], [ 10.2956487, 36.5528465, 0.0 ], [ 10.2957263, 36.5530722, 0.0 ], [ 10.2955975, 36.5533241, 0.0 ], [ 10.295673, 36.5534186, 0.0 ], [ 10.2957469, 36.5534178, 0.0 ], [ 10.2957678, 36.5537873, 0.0 ], [ 10.2956963, 36.5539312, 0.0 ], [ 10.2953125, 36.5539592, 0.0 ], [ 10.2951332, 36.5538419, 0.0 ], [ 10.2949093, 36.5537131, 0.0 ], [ 10.2946832, 36.5534532, 0.0 ], [ 10.2944444, 36.5533127, 0.0 ], [ 10.2943983, 36.5532059, 0.0 ], [ 10.294441, 36.55311, 0.0 ], [ 10.2944532, 36.5529549, 0.0 ], [ 10.2943915, 36.5528005, 0.0 ], [ 10.2941952, 36.5525522, 0.0 ], [ 10.294057, 36.5522437, 0.0 ], [ 10.2937307, 36.5521756, 0.0 ], [ 10.2933465, 36.5521798, 0.0 ], [ 10.2930349, 36.5521116, 0.0 ], [ 10.2925491, 36.5522242, 0.0 ], [ 10.2922413, 36.5523826, 0.0 ], [ 10.2919701, 36.5524574, 0.0 ], [ 10.2916181, 36.5521733, 0.0 ], [ 10.2914256, 36.5522597, 0.0 ], [ 10.2912334, 36.5523641, 0.0 ], [ 10.2911311, 36.5524916, 0.0 ], [ 10.2911397, 36.5525637, 0.0 ], [ 10.2909997, 36.552577, 0.0 ], [ 10.2908917, 36.552452, 0.0 ], [ 10.2905784, 36.5524554, 0.0 ], [ 10.2903172, 36.5524462, 0.0 ], [ 10.2901974, 36.5524234, 0.0 ], [ 10.2901446, 36.5523879, 0.0 ], [ 10.2900679, 36.5522623, 0.0 ], [ 10.2901021, 36.5520754, 0.0 ], [ 10.2901758, 36.5520204, 0.0 ], [ 10.2903547, 36.5520125, 0.0 ], [ 10.2903737, 36.5518076, 0.0 ], [ 10.2903334, 36.5516275, 0.0 ], [ 10.2902319, 36.5513577, 0.0 ], [ 10.2900107, 36.5510652, 0.0 ], [ 10.289653, 36.5506357, 0.0 ], [ 10.2894782, 36.550445, 0.0 ], [ 10.2892828, 36.5503569, 0.0 ], [ 10.2888354, 36.5499163, 0.0 ], [ 10.2884278, 36.5496318, 0.0 ], [ 10.2882917, 36.5495189, 0.0 ], [ 10.2881674, 36.5492253, 0.0 ], [ 10.2881171, 36.5488888, 0.0 ], [ 10.2881426, 36.5486815, 0.0 ], [ 10.2882135, 36.5484126, 0.0 ], [ 10.2882228, 36.5480691, 0.0 ], [ 10.2882867, 36.5478698, 0.0 ], [ 10.2884217, 36.5479165, 0.0 ], [ 10.288471, 36.5481868, 0.0 ], [ 10.2886398, 36.5480225, 0.0 ], [ 10.288987, 36.5478141, 0.0 ], [ 10.2892674, 36.5476305, 0.0 ], [ 10.2892971, 36.5475808, 0.0 ], [ 10.2893327, 36.5475215, 0.0 ], [ 10.2894617, 36.5472071, 0.0 ], [ 10.2895947, 36.5471274, 0.0 ], [ 10.2896655, 36.5468979, 0.0 ], [ 10.2893274, 36.5467511, 0.0 ], [ 10.2890694, 36.5469405, 0.0 ], [ 10.2887507, 36.5470643, 0.0 ], [ 10.2880983, 36.5473061, 0.0 ], [ 10.2881066, 36.5473602, 0.0 ], [ 10.2878907, 36.5473806, 0.0 ], [ 10.2878211, 36.5472369, 0.0 ], [ 10.287255, 36.5472851, 0.0 ], [ 10.2871835, 36.5470211, 0.0 ], [ 10.2873315, 36.5469472, 0.0 ], [ 10.2875803, 36.5466556, 0.0 ], [ 10.2877421, 36.5465215, 0.0 ], [ 10.2862326, 36.5465205, 0.0 ], [ 10.2860644, 36.546279, 0.0 ], [ 10.2859409, 36.5460233, 0.0 ], [ 10.2859355, 36.5460122, 0.0 ], [ 10.2857205, 36.5457305, 0.0 ], [ 10.2856606, 36.5456612, 0.0 ], [ 10.2854776, 36.5454492, 0.0 ], [ 10.2852193, 36.545168, 0.0 ], [ 10.2850508, 36.544789, 0.0 ], [ 10.2850937, 36.5447322, 0.0 ], [ 10.2850917, 36.544613, 0.0 ], [ 10.2850891, 36.544458, 0.0 ], [ 10.285072, 36.5443151, 0.0 ], [ 10.2850858, 36.5442553, 0.0 ], [ 10.2851892, 36.5442542, 0.0 ], [ 10.2853523, 36.5442882, 0.0 ], [ 10.2855157, 36.5443341, 0.0 ], [ 10.2856331, 36.5442852, 0.0 ], [ 10.2856757, 36.5441774, 0.0 ], [ 10.2859117, 36.544151, 0.0 ], [ 10.2861168, 36.5440414, 0.0 ], [ 10.2863668, 36.5439672, 0.0 ], [ 10.286618, 36.5439645, 0.0 ], [ 10.2867368, 36.543999, 0.0 ], [ 10.2869299, 36.5440565, 0.0 ], [ 10.2872444, 36.5443035, 0.0 ], [ 10.2873905, 36.5442066, 0.0 ], [ 10.2872692, 36.5440171, 0.0 ], [ 10.2872225, 36.5438745, 0.0 ], [ 10.2872652, 36.5437786, 0.0 ], [ 10.2873826, 36.5437296, 0.0 ], [ 10.2873803, 36.5435866, 0.0 ], [ 10.287289, 36.5434325, 0.0 ], [ 10.2868599, 36.5434014, 0.0 ], [ 10.2865792, 36.5434044, 0.0 ], [ 10.2863421, 36.5433712, 0.0 ], [ 10.2862377, 36.5433127, 0.0 ], [ 10.2864288, 36.543251, 0.0 ], [ 10.2864422, 36.5431674, 0.0 ], [ 10.2865587, 36.5430588, 0.0 ], [ 10.2867198, 36.5429736, 0.0 ], [ 10.2868806, 36.5428645, 0.0 ], [ 10.2870419, 36.5427912, 0.0 ], [ 10.2872642, 36.5428246, 0.0 ], [ 10.2874579, 36.5429179, 0.0 ], [ 10.2877839, 36.542974, 0.0 ], [ 10.2878267, 36.5428781, 0.0 ], [ 10.2871136, 36.5426593, 0.0 ], [ 10.2866989, 36.5426041, 0.0 ], [ 10.2866971, 36.5424968, 0.0 ], [ 10.286797, 36.5422811, 0.0 ], [ 10.2868532, 36.5421016, 0.0 ], [ 10.2869387, 36.5419098, 0.0 ], [ 10.2869792, 36.5416828, 0.0 ], [ 10.2870663, 36.5415865, 0.0 ], [ 10.2871662, 36.5413707, 0.0 ], [ 10.2872794, 36.5410714, 0.0 ], [ 10.2872611, 36.5408569, 0.0 ], [ 10.2870958, 36.5406918, 0.0 ], [ 10.2869013, 36.5405507, 0.0 ], [ 10.2868105, 36.5404205, 0.0 ], [ 10.2866716, 36.5400643, 0.0 ], [ 10.2866556, 36.5399929, 0.0 ], [ 10.2867589, 36.5399799, 0.0 ], [ 10.286951, 36.5399778, 0.0 ], [ 10.2872023, 36.539987, 0.0 ], [ 10.2874246, 36.5400204, 0.0 ], [ 10.2877642, 36.5400048, 0.0 ], [ 10.2879867, 36.5400501, 0.0 ], [ 10.2881939, 36.5400717, 0.0 ], [ 10.2883856, 36.5400458, 0.0 ], [ 10.2885018, 36.5399253, 0.0 ], [ 10.2886193, 36.5398763, 0.0 ], [ 10.2886452, 36.5396614, 0.0 ], [ 10.288717, 36.5395294, 0.0 ], [ 10.2889863, 36.5397292, 0.0 ], [ 10.2891358, 36.5398349, 0.0 ], [ 10.2892885, 36.5401314, 0.0 ], [ 10.2893949, 36.5403092, 0.0 ], [ 10.2895912, 36.5405575, 0.0 ], [ 10.2897994, 36.5406387, 0.0 ], [ 10.2899512, 36.5408756, 0.0 ], [ 10.2899985, 36.5410539, 0.0 ], [ 10.2900322, 36.541304, 0.0 ], [ 10.2899589, 36.5413406, 0.0 ], [ 10.2898135, 36.5414852, 0.0 ], [ 10.2897857, 36.5415929, 0.0 ], [ 10.289832, 36.5417116, 0.0 ], [ 10.2899245, 36.5419372, 0.0 ], [ 10.2899418, 36.542092, 0.0 ], [ 10.2899012, 36.5423191, 0.0 ], [ 10.2900652, 36.5424008, 0.0 ], [ 10.2900985, 36.542627, 0.0 ], [ 10.2902628, 36.5427325, 0.0 ], [ 10.2903678, 36.5428268, 0.0 ], [ 10.2905004, 36.5428015, 0.0 ], [ 10.2905729, 36.5427173, 0.0 ], [ 10.2907195, 36.5426441, 0.0 ], [ 10.2907211, 36.5427395, 0.0 ], [ 10.2907067, 36.5427635, 0.0 ], [ 10.2906642, 36.5428713, 0.0 ], [ 10.290638, 36.5430743, 0.0 ], [ 10.2906693, 36.5431813, 0.0 ], [ 10.2906116, 36.5432654, 0.0 ], [ 10.2903602, 36.5432562, 0.0 ], [ 10.2903642, 36.5434947, 0.0 ], [ 10.2904586, 36.5438395, 0.0 ], [ 10.29055, 36.5440055, 0.0 ], [ 10.290881, 36.5443596, 0.0 ], [ 10.291242, 36.5447373, 0.0 ], [ 10.291376, 36.5447955, 0.0 ], [ 10.2916188, 36.5451745, 0.0 ], [ 10.2917104, 36.5453524, 0.0 ], [ 10.2916228, 36.545413, 0.0 ], [ 10.2911225, 36.5455496, 0.0 ], [ 10.2908282, 36.5456243, 0.0 ], [ 10.2908649, 36.5460532, 0.0 ], [ 10.2909551, 36.5461476, 0.0 ], [ 10.2909721, 36.5462786, 0.0 ], [ 10.2907945, 36.5462686, 0.0 ], [ 10.2904687, 36.5462245, 0.0 ], [ 10.2903798, 36.5462135, 0.0 ], [ 10.2901583, 36.5462278, 0.0 ], [ 10.2901751, 36.5463469, 0.0 ], [ 10.290219, 36.5463226, 0.0 ], [ 10.2903085, 36.5463693, 0.0 ], [ 10.2904427, 36.5464394, 0.0 ], [ 10.2905038, 36.546558, 0.0 ], [ 10.290624, 36.5466759, 0.0 ], [ 10.2907302, 36.5468417, 0.0 ], [ 10.2908236, 36.5471269, 0.0 ], [ 10.2909328, 36.5474716, 0.0 ], [ 10.2910258, 36.5477329, 0.0 ], [ 10.2914148, 36.5480149, 0.0 ], [ 10.2916243, 36.5481677, 0.0 ], [ 10.2918619, 36.5482367, 0.0 ], [ 10.2917892, 36.548309, 0.0 ], [ 10.2915823, 36.5483113, 0.0 ], [ 10.291404, 36.5482536, 0.0 ], [ 10.2912574, 36.5483267, 0.0 ], [ 10.2909339, 36.5484256, 0.0 ], [ 10.2908927, 36.5486169, 0.0 ], [ 10.2908056, 36.5487132, 0.0 ], [ 10.290573, 36.5489423, 0.0 ], [ 10.2905184, 36.5492172, 0.0 ], [ 10.2906398, 36.5494067, 0.0 ], [ 10.2907464, 36.5495963, 0.0 ], [ 10.2909234, 36.5495706, 0.0 ], [ 10.2911758, 36.5496394, 0.0 ], [ 10.2914146, 36.5497799, 0.0 ], [ 10.2914911, 36.5499341, 0.0 ], [ 10.2914205, 36.5501376, 0.0 ], [ 10.2915709, 36.550291, 0.0 ], [ 10.2919689, 36.5502271, 0.0 ], [ 10.292293, 36.5501639, 0.0 ], [ 10.292573, 36.5501132, 0.0 ], [ 10.2928534, 36.5500863, 0.0 ], [ 10.293118, 36.5499999, 0.0 ], [ 10.2933391, 36.5499618, 0.0 ], [ 10.2935446, 36.5498761, 0.0 ], [ 10.2938208, 36.5495988, 0.0 ], [ 10.2938531, 36.5497654, 0.0 ], [ 10.2940632, 36.5499539, 0.0 ], [ 10.294199, 36.5501194, 0.0 ], [ 10.29429, 36.5502615, 0.0 ], [ 10.2945121, 36.550283, 0.0 ], [ 10.2947344, 36.5503163, 0.0 ], [ 10.2949261, 36.5502904, 0.0 ], [ 10.2951336, 36.5503239, 0.0 ], [ 10.2952831, 36.5504296, 0.0 ], [ 10.2953448, 36.550584, 0.0 ], [ 10.2949945, 36.5508501, 0.0 ], [ 10.2947619, 36.5510792, 0.0 ], [ 10.2947808, 36.5513295, 0.0 ], [ 10.2948124, 36.5514484, 0.0 ], [ 10.2949627, 36.5516018, 0.0 ], [ 10.2949955, 36.5517922, 0.0 ], [ 10.2949539, 36.5519596, 0.0 ], [ 10.2949425, 36.5521625, 0.0 ] ] ] } },
{ "type": "Feature", "properties": { "OBJECTID": 4698, "ID": 0, "SUP": 1.019, "Shape_Leng": 0.0040845006853399996, "Shape_Area": 1.0282818614799999e-06 }, "geometry": { "type": "Polygon", "coordinates": [ [ [ 10.1877152, 36.6932568, 0.0 ], [ 10.1873221, 36.6933836, 0.0 ], [ 10.1869119, 36.6925148, 0.0 ], [ 10.1879495, 36.6921944, 0.0 ], [ 10.1883595, 36.6930489, 0.0 ], [ 10.1877152, 36.6932568, 0.0 ] ] ] } },
{ "type": "Feature", "properties": { "OBJECTID": 5456, "ID": 0, "SUP": 10.323, "Shape_Leng": 0.016020955272500002, "Shape_Area": 1.04158271244e-05 }, "geometry": { "type": "Polygon", "coordinates": [ [ [ 10.1328465, 36.6990062, 0.0 ], [ 10.1333011, 36.6994561, 0.0 ], [ 10.1326548, 36.6999297, 0.0 ], [ 10.1325481, 36.6998408, 0.0 ], [ 10.1313363, 36.6988029, 0.0 ], [ 10.1302327, 36.6978737, 0.0 ], [ 10.1296879, 36.697365, 0.0 ], [ 10.130523, 36.6966478, 0.0 ], [ 10.130523, 36.6966478, 0.0 ], [ 10.130523, 36.6966478, 0.0 ], [ 10.1312099, 36.6961668, 0.0 ], [ 10.1317675, 36.6957536, 0.0 ], [ 10.1331999, 36.6969541, 0.0 ], [ 10.1354983, 36.6989293, 0.0 ], [ 10.1352253, 36.6988405, 0.0 ], [ 10.1349068, 36.6989365, 0.0 ], [ 10.1343673, 36.6991062, 0.0 ], [ 10.1339917, 36.6989381, 0.0 ], [ 10.1339083, 36.6990068, 0.0 ], [ 10.1334082, 36.6985358, 0.0 ], [ 10.1328465, 36.6990062, 0.0 ] ] ] } },
{ "type": "Feature", "properties": { "OBJECTID": 5458, "ID": 0, "SUP": 2.805, "Shape_Leng": 0.0072467806317099998, "Shape_Area": 2.8298098136900001e-06 }, "geometry": { "type": "Polygon", "coordinates": [ [ [ 10.1354996, 36.6989304, 0.0 ], [ 10.1354676, 36.6989744, 0.0 ], [ 10.1346896, 36.7001426, 0.0 ], [ 10.1345377, 36.7003394, 0.0 ], [ 10.1344815, 36.7003891, 0.0 ], [ 10.1344151, 36.7004403, 0.0 ], [ 10.1343446, 36.7004878, 0.0 ], [ 10.1342702, 36.7005313, 0.0 ], [ 10.1338792, 36.7006896, 0.0 ], [ 10.1337282, 36.7007359, 0.0 ], [ 10.1337147, 36.7007413, 0.0 ], [ 10.1337003, 36.700745, 0.0 ], [ 10.1336853, 36.7007468, 0.0 ], [ 10.1336701, 36.7007466, 0.0 ], [ 10.1336552, 36.7007445, 0.0 ], [ 10.1336409, 36.7007406, 0.0 ], [ 10.1336276, 36.7007348, 0.0 ], [ 10.1336155, 36.7007274, 0.0 ], [ 10.1335496, 36.7006756, 0.0 ], [ 10.1326548, 36.6999297, 0.0 ], [ 10.1333011, 36.6994561, 0.0 ], [ 10.13386, 36.6990467, 0.0 ], [ 10.1339083, 36.6990068, 0.0 ], [ 10.1339917, 36.6989381, 0.0 ], [ 10.1343673, 36.6991062, 0.0 ], [ 10.1349068, 36.6989365, 0.0 ], [ 10.1352253, 36.6988405, 0.0 ], [ 10.1354983, 36.6989293, 0.0 ], [ 10.1354996, 36.6989304, 0.0 ] ] ] } },
{ "type": "Feature", "properties": { "OBJECTID": 6486, "ID": 0, "SUP": 2.709, "Shape_Leng": 0.0073683351052300002, "Shape_Area": 2.7331683495300002e-06 }, "geometry": { "type": "Polygon", "coordinates": [ [ [ 10.2973705, 36.7100178, 0.0 ], [ 10.2965075, 36.7101419, 0.0 ], [ 10.2964672, 36.7097949, 0.0 ], [ 10.2963886, 36.7091189, 0.0 ], [ 10.2961732, 36.7078102, 0.0 ], [ 10.2972825, 36.7076477, 0.0 ], [ 10.2973813, 36.7076332, 0.0 ], [ 10.2973688, 36.7081004, 0.0 ], [ 10.2973725, 36.7083216, 0.0 ], [ 10.2974492, 36.7086485, 0.0 ], [ 10.2975544, 36.7094586, 0.0 ], [ 10.2978967, 36.7098399, 0.0 ], [ 10.2978668, 36.7098812, 0.0 ], [ 10.2973705, 36.7100178, 0.0 ] ] ] } },
{ "type": "Feature", "properties": { "OBJECTID": 6487, "ID": 0, "SUP": 2.047, "Shape_Leng": 0.0058264447242399996, "Shape_Area": 2.0658306355000002e-06 }, "geometry": { "type": "Polygon", "coordinates": [ [ [ 10.2973813, 36.7076332, 0.0 ], [ 10.2972825, 36.7076477, 0.0 ], [ 10.2961732, 36.7078102, 0.0 ], [ 10.2960588, 36.707664, 0.0 ], [ 10.2959133, 36.7074853, 0.0 ], [ 10.2956511, 36.7070211, 0.0 ], [ 10.29543, 36.7065811, 0.0 ], [ 10.2959496, 36.7065113, 0.0 ], [ 10.2961611, 36.706483, 0.0 ], [ 10.2967682, 36.7064509, 0.0 ], [ 10.2973814, 36.7064287, 0.0 ], [ 10.2973719, 36.7070761, 0.0 ], [ 10.2973813, 36.7076332, 0.0 ] ] ] } },
{ "type": "Feature", "properties": { "OBJECTID": 8244, "ID": 0, "SUP": 9.685, "Shape_Leng": 0.014155013413600001, "Shape_Area": 9.7646075013099993e-06 }, "geometry": { "type": "Polygon", "coordinates": [ [ [ 10.2068987, 36.6452878, 0.0 ], [ 10.2078978, 36.6456969, 0.0 ], [ 10.2065229, 36.6478901, 0.0 ], [ 10.2059303, 36.6476856, 0.0 ], [ 10.2053683, 36.6474916, 0.0 ], [ 10.2048215, 36.6473029, 0.0 ], [ 10.2043095, 36.6471261, 0.0 ], [ 10.2047425, 36.6464628, 0.0 ], [ 10.2046454, 36.6463112, 0.0 ], [ 10.2038955, 36.6460468, 0.0 ], [ 10.2034175, 36.6458784, 0.0 ], [ 10.202675, 36.6456167, 0.0 ], [ 10.202675, 36.6456167, 0.0 ], [ 10.2040217, 36.6441512, 0.0 ], [ 10.2057048, 36.6448031, 0.0 ], [ 10.2057048, 36.6448031, 0.0 ], [ 10.2059144, 36.6448882, 0.0 ], [ 10.2068987, 36.6452878, 0.0 ], [ 10.2068987, 36.6452878, 0.0 ] ] ] } },
{ "type": "Feature", "properties": { "OBJECTID": 8571, "ID": 0, "SUP": 1.857, "Shape_Leng": 0.0084945576423400004, "Shape_Area": 1.8727039821400001e-06 }, "geometry": { "type": "Polygon", "coordinates": [ [ [ 10.2098076, 36.6429246, 0.0 ], [ 10.2095747, 36.6432875, 0.0 ], [ 10.2095745, 36.6432878, 0.0 ], [ 10.2080406, 36.6426635, 0.0 ], [ 10.2079821, 36.6427483, 0.0 ], [ 10.2060862, 36.6418295, 0.0 ], [ 10.2062575, 36.6416529, 0.0 ], [ 10.2064713, 36.6414421, 0.0 ], [ 10.2098076, 36.6429246, 0.0 ] ] ] } },
{ "type": "Feature", "properties": { "OBJECTID": 8579, "ID": 0, "SUP": 11.555, "Shape_Leng": 0.013851840049300001, "Shape_Area": 1.1646692685699999e-05 }, "geometry": { "type": "Polygon", "coordinates": [ [ [ 10.1681963, 36.620845, 0.0 ], [ 10.1703948, 36.622274, 0.0 ], [ 10.1683277, 36.6242769, 0.0 ], [ 10.1667353, 36.6231939, 0.0 ], [ 10.1658597, 36.6225984, 0.0 ], [ 10.1650424, 36.6220425, 0.0 ], [ 10.1650658, 36.6220084, 0.0 ], [ 10.1657475, 36.6209341, 0.0 ], [ 10.1660975, 36.6205967, 0.0 ], [ 10.1669125, 36.6199727, 0.0 ], [ 10.1671349, 36.6201242, 0.0 ], [ 10.1674671, 36.6203504, 0.0 ], [ 10.1676192, 36.620454, 0.0 ], [ 10.1681963, 36.620845, 0.0 ] ] ] } },
{ "type": "Feature", "properties": { "OBJECTID": 8581, "ID": 0, "SUP": 5.668, "Shape_Leng": 0.0096090352794100005, "Shape_Area": 5.7127601230100001e-06 }, "geometry": { "type": "Polygon", "coordinates": [ [ [ 10.1718767, 36.6205839, 0.0 ], [ 10.1718712, 36.6207301, 0.0 ], [ 10.1718667, 36.6208476, 0.0 ], [ 10.1703948, 36.622274, 0.0 ], [ 10.1681963, 36.620845, 0.0 ], [ 10.1687694, 36.620274, 0.0 ], [ 10.169282, 36.6197662, 0.0 ], [ 10.1696999, 36.6193085, 0.0 ], [ 10.1697087, 36.6193136, 0.0 ], [ 10.169726, 36.6193238, 0.0 ], [ 10.1707046, 36.6198971, 0.0 ], [ 10.1710607, 36.6201058, 0.0 ], [ 10.1711942, 36.620184, 0.0 ], [ 10.1714174, 36.6203148, 0.0 ], [ 10.1718767, 36.6205839, 0.0 ] ] ] } },
{ "type": "Feature", "properties": { "OBJECTID": 8658, "ID": 0, "SUP": 5.707, "Shape_Leng": 0.0104170445529, "Shape_Area": 5.7532434639399999e-06 }, "geometry": { "type": "Polygon", "coordinates": [ [ [ 10.2105732, 36.6416922, 0.0 ], [ 10.2101295, 36.6424232, 0.0 ], [ 10.2098076, 36.6429246, 0.0 ], [ 10.2064713, 36.6414421, 0.0 ], [ 10.2067045, 36.6412123, 0.0 ], [ 10.2071483, 36.6406354, 0.0 ], [ 10.2073093, 36.640313, 0.0 ], [ 10.2075851, 36.6399618, 0.0 ], [ 10.2105732, 36.6416922, 0.0 ] ] ] } },
{ "type": "Feature", "properties": { "OBJECTID": 10393, "ID": 0, "SUP": 12.786, "Shape_Leng": 0.0276344019702, "Shape_Area": 1.28903421063e-05 }, "geometry": { "type": "Polygon", "coordinates": [ [ [ 10.165108, 36.6421603, 0.0 ], [ 10.1652056, 36.6420562, 0.0 ], [ 10.1652446, 36.6420147, 0.0 ], [ 10.1663587, 36.6413121, 0.0 ], [ 10.1667968, 36.6409262, 0.0 ], [ 10.1670158, 36.6407332, 0.0 ], [ 10.1680512, 36.6397214, 0.0 ], [ 10.1696715, 36.6382506, 0.0 ], [ 10.1697434, 36.6381068, 0.0 ], [ 10.1699545, 36.6379759, 0.0 ], [ 10.1702779, 36.6382303, 0.0 ], [ 10.1707271, 36.6379898, 0.0 ], [ 10.1711138, 36.6377019, 0.0 ], [ 10.1711871, 36.6376473, 0.0 ], [ 10.1713732, 36.6375088, 0.0 ], [ 10.1716824, 36.6372786, 0.0 ], [ 10.1717076, 36.6372599, 0.0 ], [ 10.1747304, 36.6350096, 0.0 ], [ 10.1756841, 36.6356167, 0.0 ], [ 10.1735648, 36.6373548, 0.0 ], [ 10.1717649, 36.6386843, 0.0 ], [ 10.1716008, 36.6385953, 0.0 ], [ 10.1707001, 36.6393102, 0.0 ], [ 10.1702576, 36.6390188, 0.0 ], [ 10.1674777, 36.6415074, 0.0 ], [ 10.1669518, 36.641961, 0.0 ], [ 10.1664368, 36.6423476, 0.0 ], [ 10.1662028, 36.6425312, 0.0 ], [ 10.1659091, 36.6426867, 0.0 ], [ 10.1656035, 36.6428328, 0.0 ], [ 10.1654508, 36.6429106, 0.0 ], [ 10.1653649, 36.6429445, 0.0 ], [ 10.1652272, 36.6429987, 0.0 ], [ 10.1651714, 36.6428323, 0.0 ], [ 10.1651864, 36.6426461, 0.0 ], [ 10.1651309, 36.6425035, 0.0 ], [ 10.1651104, 36.6423177, 0.0 ], [ 10.165108, 36.6421603, 0.0 ] ] ] } },
{ "type": "Feature", "properties": { "OBJECTID": 10394, "ID": 0, "SUP": 52.731, "Shape_Leng": 0.0358147359071, "Shape_Area": 5.3163306700800003e-05 }, "geometry": { "type": "Polygon", "coordinates": [ [ [ 10.1663922, 36.6433212, 0.0 ], [ 10.1663754, 36.6433695, 0.0 ], [ 10.1663355, 36.6434839, 0.0 ], [ 10.1662802, 36.6437421, 0.0 ], [ 10.1661537, 36.6439913, 0.0 ], [ 10.1660137, 36.6441263, 0.0 ], [ 10.1655873, 36.6441114, 0.0 ], [ 10.1654796, 36.6440361, 0.0 ], [ 10.1652763, 36.6439045, 0.0 ], [ 10.1652039, 36.6438098, 0.0 ], [ 10.1651544, 36.6436672, 0.0 ], [ 10.165141, 36.6435624, 0.0 ], [ 10.1651615, 36.6433523, 0.0 ], [ 10.1651661, 36.6432607, 0.0 ], [ 10.1651706, 36.643171, 0.0 ], [ 10.1652272, 36.6429987, 0.0 ], [ 10.1653649, 36.6429445, 0.0 ], [ 10.1654508, 36.6429106, 0.0 ], [ 10.1656035, 36.6428328, 0.0 ], [ 10.1659091, 36.6426867, 0.0 ], [ 10.1662028, 36.6425312, 0.0 ], [ 10.1664368, 36.6423476, 0.0 ], [ 10.1669518, 36.641961, 0.0 ], [ 10.1674777, 36.6415074, 0.0 ], [ 10.1702576, 36.6390188, 0.0 ], [ 10.1707001, 36.6393102, 0.0 ], [ 10.1716008, 36.6385953, 0.0 ], [ 10.1717649, 36.6386843, 0.0 ], [ 10.1735648, 36.6373548, 0.0 ], [ 10.1756841, 36.6356167, 0.0 ], [ 10.1784157, 36.6371758, 0.0 ], [ 10.1780099, 36.6377403, 0.0 ], [ 10.1773146, 36.638725, 0.0 ], [ 10.1758383, 36.6408981, 0.0 ], [ 10.1758401, 36.6410173, 0.0 ], [ 10.17542, 36.6414198, 0.0 ], [ 10.1713394, 36.6454225, 0.0 ], [ 10.1711856, 36.6455734, 0.0 ], [ 10.1708876, 36.6454427, 0.0 ], [ 10.1706241, 36.645245, 0.0 ], [ 10.1704444, 36.6451036, 0.0 ], [ 10.169977, 36.6447266, 0.0 ], [ 10.1697016, 36.6445194, 0.0 ], [ 10.1694608, 36.6442547, 0.0 ], [ 10.1690061, 36.6439348, 0.0 ], [ 10.1687072, 36.6437469, 0.0 ], [ 10.1686063, 36.6436864, 0.0 ], [ 10.1682533, 36.6434747, 0.0 ], [ 10.1680144, 36.6433339, 0.0 ], [ 10.1678465, 36.643297, 0.0 ], [ 10.1677649, 36.6432791, 0.0 ], [ 10.1675159, 36.6432529, 0.0 ], [ 10.1671599, 36.6431992, 0.0 ], [ 10.1668283, 36.6431929, 0.0 ], [ 10.1666044, 36.6432619, 0.0 ], [ 10.1663922, 36.6433212, 0.0 ] ] ] } },
{ "type": "Feature", "properties": { "OBJECTID": 10440, "ID": 0, "SUP": 11.653, "Shape_Leng": 0.0166951700126, "Shape_Area": 1.17415586533e-05 }, "geometry": { "type": "Polygon", "coordinates": [ [ [ 10.1535222, 36.5923115, 0.0 ], [ 10.1534993, 36.5923976, 0.0 ], [ 10.1533922, 36.592799, 0.0 ], [ 10.1532913, 36.593568, 0.0 ], [ 10.1533062, 36.5937778, 0.0 ], [ 10.1533109, 36.5938894, 0.0 ], [ 10.1515611, 36.5937623, 0.0 ], [ 10.1512293, 36.5937382, 0.0 ], [ 10.1509812, 36.5937082, 0.0 ], [ 10.1492026, 36.593493, 0.0 ], [ 10.1491311, 36.593458, 0.0 ], [ 10.1491321, 36.5934497, 0.0 ], [ 10.1491784, 36.5930568, 0.0 ], [ 10.1493791, 36.592232, 0.0 ], [ 10.1497117, 36.5919211, 0.0 ], [ 10.1500864, 36.5915728, 0.0 ], [ 10.1501101, 36.5915507, 0.0 ], [ 10.1502718, 36.5914005, 0.0 ], [ 10.1507962, 36.5908587, 0.0 ], [ 10.1511155, 36.5902546, 0.0 ], [ 10.1511539, 36.5898535, 0.0 ], [ 10.1513663, 36.5888955, 0.0 ], [ 10.1516908, 36.5889616, 0.0 ], [ 10.1515999, 36.5896601, 0.0 ], [ 10.151593, 36.589713, 0.0 ], [ 10.1514639, 36.5907044, 0.0 ], [ 10.1514955, 36.5907215, 0.0 ], [ 10.1522054, 36.5908614, 0.0 ], [ 10.1526596, 36.5909509, 0.0 ], [ 10.1536447, 36.5911451, 0.0 ], [ 10.1536597, 36.5911471, 0.0 ], [ 10.1537345, 36.5911575, 0.0 ], [ 10.1537404, 36.5915506, 0.0 ], [ 10.1535491, 36.5922108, 0.0 ], [ 10.1535222, 36.5923115, 0.0 ] ] ] } },
{ "type": "Feature", "properties": { "OBJECTID": 13013, "ID": 0, "SUP": 5.443, "Shape_Leng": 0.014465799114699999, "Shape_Area": 5.4840837200200001e-06 }, "geometry": { "type": "Polygon", "coordinates": [ [ [ 10.1487715, 36.5879211, 0.0 ], [ 10.1488468, 36.5879308, 0.0 ], [ 10.1491432, 36.5880027, 0.0 ], [ 10.149374, 36.5880587, 0.0 ], [ 10.149374, 36.5880587, 0.0 ], [ 10.1507685, 36.5883642, 0.0 ], [ 10.1507685, 36.5883642, 0.0 ], [ 10.1514259, 36.5885139, 0.0 ], [ 10.1514583, 36.5885213, 0.0 ], [ 10.1529854, 36.5888893, 0.0 ], [ 10.1529854, 36.5888893, 0.0 ], [ 10.1534715, 36.5889967, 0.0 ], [ 10.1534973, 36.5890024, 0.0 ], [ 10.1536019, 36.5890217, 0.0 ], [ 10.1535948, 36.5895406, 0.0 ], [ 10.1535709, 36.5899165, 0.0 ], [ 10.1535727, 36.5902861, 0.0 ], [ 10.1536597, 36.5911471, 0.0 ], [ 10.1522054, 36.5908614, 0.0 ], [ 10.1514955, 36.5907215, 0.0 ], [ 10.1514639, 36.5907044, 0.0 ], [ 10.151593, 36.589713, 0.0 ], [ 10.1515999, 36.5896601, 0.0 ], [ 10.1516908, 36.5889616, 0.0 ], [ 10.1513663, 36.5888955, 0.0 ], [ 10.1499811, 36.5886132, 0.0 ], [ 10.1487898, 36.5883333, 0.0 ], [ 10.1487715, 36.5879211, 0.0 ] ] ] } },
{ "type": "Feature", "properties": { "OBJECTID": 13024, "ID": 0, "SUP": 42.642, "Shape_Leng": 0.0321723349544, "Shape_Area": 4.2981278712700001e-05 }, "geometry": { "type": "Polygon", "coordinates": [ [ [ 10.1538337, 36.6210234, 0.0 ], [ 10.1538359, 36.6209301, 0.0 ], [ 10.1539875, 36.6206782, 0.0 ], [ 10.1540517, 36.6205166, 0.0 ], [ 10.153974, 36.6195829, 0.0 ], [ 10.1539527, 36.619337, 0.0 ], [ 10.1539907, 36.6191153, 0.0 ], [ 10.1541016, 36.6189062, 0.0 ], [ 10.155738, 36.6164461, 0.0 ], [ 10.155854, 36.6162923, 0.0 ], [ 10.1560301, 36.6161952, 0.0 ], [ 10.1570842, 36.6158831, 0.0 ], [ 10.1570894, 36.6159419, 0.0 ], [ 10.1571002, 36.616067, 0.0 ], [ 10.1571542, 36.6166879, 0.0 ], [ 10.1571941, 36.617147, 0.0 ], [ 10.1572233, 36.6174828, 0.0 ], [ 10.1577875, 36.6183628, 0.0 ], [ 10.1581629, 36.619258, 0.0 ], [ 10.1578766, 36.6194826, 0.0 ], [ 10.1580996, 36.6198656, 0.0 ], [ 10.1587487, 36.6206648, 0.0 ], [ 10.1589738, 36.6211879, 0.0 ], [ 10.158893, 36.6215973, 0.0 ], [ 10.1589715, 36.6220051, 0.0 ], [ 10.1593096, 36.622318, 0.0 ], [ 10.1594709, 36.6224672, 0.0 ], [ 10.1600269, 36.6228581, 0.0 ], [ 10.1601588, 36.6229508, 0.0 ], [ 10.1603189, 36.6229897, 0.0 ], [ 10.1605826, 36.6230538, 0.0 ], [ 10.1609437, 36.6231416, 0.0 ], [ 10.1610006, 36.623248, 0.0 ], [ 10.1610182, 36.623281, 0.0 ], [ 10.1605351, 36.6239044, 0.0 ], [ 10.1604397, 36.624235, 0.0 ], [ 10.1603562, 36.6245248, 0.0 ], [ 10.1604514, 36.6250842, 0.0 ], [ 10.1604928, 36.6253274, 0.0 ], [ 10.1605432, 36.6256232, 0.0 ], [ 10.1606192, 36.6260692, 0.0 ], [ 10.1607463, 36.6268152, 0.0 ], [ 10.1608515, 36.6271403, 0.0 ], [ 10.161087, 36.627868, 0.0 ], [ 10.1609448, 36.6280445, 0.0 ], [ 10.1608673, 36.6280227, 0.0 ], [ 10.1608492, 36.6280176, 0.0 ], [ 10.158862, 36.6274921, 0.0 ], [ 10.1578187, 36.6271652, 0.0 ], [ 10.1572779, 36.6270131, 0.0 ], [ 10.1571528, 36.6269779, 0.0 ], [ 10.1570226, 36.6263842, 0.0 ], [ 10.1568725, 36.6258419, 0.0 ], [ 10.1567369, 36.6254806, 0.0 ], [ 10.1566848, 36.6251663, 0.0 ], [ 10.1566212, 36.6248712, 0.0 ], [ 10.1566392, 36.6244894, 0.0 ], [ 10.1566375, 36.6243749, 0.0 ], [ 10.1566124, 36.6242798, 0.0 ], [ 10.1565162, 36.6241758, 0.0 ], [ 10.1564199, 36.6240718, 0.0 ], [ 10.1561564, 36.6238644, 0.0 ], [ 10.1560355, 36.6236939, 0.0 ], [ 10.1559007, 36.6233803, 0.0 ], [ 10.1557893, 36.6230571, 0.0 ], [ 10.1556206, 36.6228583, 0.0 ], [ 10.1554175, 36.6227268, 0.0 ], [ 10.1551183, 36.6225102, 0.0 ], [ 10.154926, 36.6223117, 0.0 ], [ 10.1547344, 36.622161, 0.0 ], [ 10.1545307, 36.6219912, 0.0 ], [ 10.1543617, 36.6217734, 0.0 ], [ 10.1542174, 36.6216222, 0.0 ], [ 10.1539869, 36.6212428, 0.0 ], [ 10.1538413, 36.6210582, 0.0 ], [ 10.1538337, 36.6210234, 0.0 ] ] ] } },
{ "type": "Feature", "properties": { "OBJECTID": 13050, "ID": 0, "SUP": 3.088, "Shape_Leng": 0.010475366581500001, "Shape_Area": 3.1094704888499998e-06 }, "geometry": { "type": "Polygon", "coordinates": [ [ [ 10.296913, 36.5478715, 0.0 ], [ 10.2969275, 36.5478749, 0.0 ], [ 10.2970332, 36.5478997, 0.0 ], [ 10.2970852, 36.5479253, 0.0 ], [ 10.2972579, 36.54801, 0.0 ], [ 10.2975268, 36.5481815, 0.0 ], [ 10.2977016, 36.548295, 0.0 ], [ 10.297782, 36.548386, 0.0 ], [ 10.2977675, 36.5483985, 0.0 ], [ 10.2968217, 36.5492157, 0.0 ], [ 10.2964172, 36.5491487, 0.0 ], [ 10.2961836, 36.5489652, 0.0 ], [ 10.2962832, 36.5485563, 0.0 ], [ 10.2961569, 36.5484289, 0.0 ], [ 10.2954953, 36.5486364, 0.0 ], [ 10.2948594, 36.5487936, 0.0 ], [ 10.2941509, 36.5483147, 0.0 ], [ 10.2938406, 36.5480298, 0.0 ], [ 10.2946979, 36.5473661, 0.0 ], [ 10.2947085, 36.5476474, 0.0 ], [ 10.2946326, 36.5480585, 0.0 ], [ 10.2948581, 36.5481133, 0.0 ], [ 10.2952241, 36.5480807, 0.0 ], [ 10.2959177, 36.5478394, 0.0 ], [ 10.295937, 36.5478386, 0.0 ], [ 10.2960931, 36.5476432, 0.0 ], [ 10.2962358, 36.5477447, 0.0 ], [ 10.2965592, 36.5477949, 0.0 ], [ 10.296913, 36.5478715, 0.0 ] ] ] } },
{ "type": "Feature", "properties": { "OBJECTID": 13151, "ID": 0, "SUP": 194.207, "Shape_Leng": 0.064959549001399997, "Shape_Area": 0.000195704021876 }, "geometry": { "type": "Polygon", "coordinates": [ [ [ 10.1305657, 36.5952662, 0.0 ], [ 10.1309341, 36.5955399, 0.0 ], [ 10.1309549, 36.5955524, 0.0 ], [ 10.1311691, 36.5956362, 0.0 ], [ 10.1313918, 36.5956913, 0.0 ], [ 10.1316028, 36.5957021, 0.0 ], [ 10.131299, 36.5958235, 0.0 ], [ 10.1310876, 36.5960991, 0.0 ], [ 10.1309628, 36.5963123, 0.0 ], [ 10.1307512, 36.5966737, 0.0 ], [ 10.1306634, 36.5967015, 0.0 ], [ 10.1307222, 36.5965105, 0.0 ], [ 10.1307519, 36.5964358, 0.0 ], [ 10.1307877, 36.5963058, 0.0 ], [ 10.1307995, 36.5961815, 0.0 ], [ 10.1307739, 36.5960658, 0.0 ], [ 10.1306961, 36.5959432, 0.0 ], [ 10.1302228, 36.5971346, 0.0 ], [ 10.1299732, 36.5977629, 0.0 ], [ 10.1297879, 36.5982294, 0.0 ], [ 10.1298099, 36.5985041, 0.0 ], [ 10.1298102, 36.598507, 0.0 ], [ 10.1298232, 36.5986697, 0.0 ], [ 10.1300675, 36.598965, 0.0 ], [ 10.1300771, 36.5989766, 0.0 ], [ 10.1305566, 36.5989721, 0.0 ], [ 10.1306834, 36.5988021, 0.0 ], [ 10.1309517, 36.5984424, 0.0 ], [ 10.1313691, 36.5978828, 0.0 ], [ 10.1313907, 36.5978539, 0.0 ], [ 10.1318208, 36.5976713, 0.0 ], [ 10.1323287, 36.5974552, 0.0 ], [ 10.133005, 36.5971674, 0.0 ], [ 10.133005, 36.5971674, 0.0 ], [ 10.1340049, 36.596622, 0.0 ], [ 10.1342402, 36.5967634, 0.0 ], [ 10.1344567, 36.5969044, 0.0 ], [ 10.13452, 36.59693, 0.0 ], [ 10.1346873, 36.5969976, 0.0 ], [ 10.1347487, 36.5970212, 0.0 ], [ 10.1353094, 36.5972854, 0.0 ], [ 10.1352418, 36.5974932, 0.0 ], [ 10.1351862, 36.5977322, 0.0 ], [ 10.1351566, 36.5978549, 0.0 ], [ 10.1351443, 36.5979056, 0.0 ], [ 10.1351403, 36.5979692, 0.0 ], [ 10.1351323, 36.5980965, 0.0 ], [ 10.1350037, 36.5984018, 0.0 ], [ 10.1349513, 36.5985439, 0.0 ], [ 10.1349397, 36.5985753, 0.0 ], [ 10.1348526, 36.5986895, 0.0 ], [ 10.1348317, 36.5987791, 0.0 ], [ 10.1348264, 36.5989163, 0.0 ], [ 10.1348578, 36.5990167, 0.0 ], [ 10.1348591, 36.5990209, 0.0 ], [ 10.1348729, 36.5990649, 0.0 ], [ 10.1348819, 36.5991722, 0.0 ], [ 10.1348773, 36.5991936, 0.0 ], [ 10.1348542, 36.5993036, 0.0 ], [ 10.1347833, 36.599513, 0.0 ], [ 10.1347476, 36.5995968, 0.0 ], [ 10.134741, 36.5996505, 0.0 ], [ 10.1347011, 36.5998098, 0.0 ], [ 10.1346991, 36.5998179, 0.0 ], [ 10.1345908, 36.5999978, 0.0 ], [ 10.134523, 36.6000922, 0.0 ], [ 10.1344313, 36.6002199, 0.0 ], [ 10.1342352, 36.6004603, 0.0 ], [ 10.1341845, 36.6005323, 0.0 ], [ 10.1341859, 36.6006337, 0.0 ], [ 10.1341869, 36.6007007, 0.0 ], [ 10.1341874, 36.600735, 0.0 ], [ 10.134228, 36.6007903, 0.0 ], [ 10.1342482, 36.6008252, 0.0 ], [ 10.1342617, 36.6008485, 0.0 ], [ 10.1342883, 36.600909, 0.0 ], [ 10.1343076, 36.6009713, 0.0 ], [ 10.1343192, 36.6010348, 0.0 ], [ 10.1343232, 36.601099, 0.0 ], [ 10.1343194, 36.6011631, 0.0 ], [ 10.1343082, 36.6012423, 0.0 ], [ 10.1342962, 36.6012907, 0.0 ], [ 10.1342889, 36.6013204, 0.0 ], [ 10.1342615, 36.601397, 0.0 ], [ 10.1342264, 36.6014715, 0.0 ], [ 10.1341837, 36.6015433, 0.0 ], [ 10.1341337, 36.6016121, 0.0 ], [ 10.1341429, 36.6016312, 0.0 ], [ 10.1341795, 36.601707, 0.0 ], [ 10.1342995, 36.6020712, 0.0 ], [ 10.1343342, 36.6021766, 0.0 ], [ 10.1343499, 36.6022528, 0.0 ], [ 10.1343734, 36.6023671, 0.0 ], [ 10.1347262, 36.6040809, 0.0 ], [ 10.1349394, 36.6051165, 0.0 ], [ 10.1350023, 36.6053723, 0.0 ], [ 10.1350185, 36.6054509, 0.0 ], [ 10.1350341, 36.605527, 0.0 ], [ 10.135045, 36.6057144, 0.0 ], [ 10.1350539, 36.6058667, 0.0 ], [ 10.1350486, 36.6059719, 0.0 ], [ 10.1350482, 36.60598, 0.0 ], [ 10.1350507, 36.6061529, 0.0 ], [ 10.1349136, 36.6062625, 0.0 ], [ 10.1349003, 36.6062732, 0.0 ], [ 10.1348875, 36.6062833, 0.0 ], [ 10.134879, 36.6062902, 0.0 ], [ 10.1343562, 36.6067081, 0.0 ], [ 10.1336549, 36.6073007, 0.0 ], [ 10.1331216, 36.6077514, 0.0 ], [ 10.1332719, 36.607911, 0.0 ], [ 10.132367, 36.6086701, 0.0 ], [ 10.1314881, 36.6094074, 0.0 ], [ 10.1314818, 36.6094127, 0.0 ], [ 10.129082, 36.6114976, 0.0 ], [ 10.1286843, 36.6111855, 0.0 ], [ 10.1273027, 36.6100505, 0.0 ], [ 10.1269291, 36.609736, 0.0 ], [ 10.126889, 36.6097022, 0.0 ], [ 10.1268846, 36.6096988, 0.0 ], [ 10.1254104, 36.6085265, 0.0 ], [ 10.1249518, 36.608159, 0.0 ], [ 10.1211637, 36.6051236, 0.0 ], [ 10.1211567, 36.6051181, 0.0 ], [ 10.1211472, 36.6051106, 0.0 ], [ 10.1211152, 36.6050854, 0.0 ], [ 10.1207974, 36.6048301, 0.0 ], [ 10.120687, 36.6043382, 0.0 ], [ 10.1203489, 36.6030534, 0.0 ], [ 10.1200753, 36.6021305, 0.0 ], [ 10.1198224, 36.6010071, 0.0 ], [ 10.1195704, 36.5999409, 0.0 ], [ 10.1194582, 36.5994229, 0.0 ], [ 10.1194604, 36.5994209, 0.0 ], [ 10.1195913, 36.5992978, 0.0 ], [ 10.1210574, 36.5979196, 0.0 ], [ 10.1218741, 36.59712, 0.0 ], [ 10.1216595, 36.5969236, 0.0 ], [ 10.1215744, 36.5967718, 0.0 ], [ 10.1215343, 36.5964478, 0.0 ], [ 10.1214936, 36.596086, 0.0 ], [ 10.1214935, 36.5960856, 0.0 ], [ 10.1214861, 36.5960802, 0.0 ], [ 10.1213141, 36.5959537, 0.0 ], [ 10.1211459, 36.5958827, 0.0 ], [ 10.1217523, 36.5950566, 0.0 ], [ 10.1220148, 36.5945298, 0.0 ], [ 10.1223511, 36.5938883, 0.0 ], [ 10.1227186, 36.5928058, 0.0 ], [ 10.1230937, 36.5918094, 0.0 ], [ 10.1231006, 36.5917329, 0.0 ], [ 10.1234506, 36.5918392, 0.0 ], [ 10.1235877, 36.5918809, 0.0 ], [ 10.1242117, 36.5920519, 0.0 ], [ 10.1245095, 36.592146, 0.0 ], [ 10.1248761, 36.5923442, 0.0 ], [ 10.1251093, 36.5925177, 0.0 ], [ 10.1253192, 36.5926191, 0.0 ], [ 10.1256126, 36.5927609, 0.0 ], [ 10.1262544, 36.5928272, 0.0 ], [ 10.1264333, 36.5929517, 0.0 ], [ 10.1272646, 36.5928252, 0.0 ], [ 10.1277082, 36.5928496, 0.0 ], [ 10.1277841, 36.5929021, 0.0 ], [ 10.1279969, 36.5930493, 0.0 ], [ 10.1279998, 36.5930973, 0.0 ], [ 10.1280048, 36.593181, 0.0 ], [ 10.1280058, 36.5931977, 0.0 ], [ 10.1280085, 36.5932424, 0.0 ], [ 10.1280296, 36.5932538, 0.0 ], [ 10.1280761, 36.5932792, 0.0 ], [ 10.1281248, 36.5933057, 0.0 ], [ 10.1281283, 36.5933067, 0.0 ], [ 10.1281516, 36.5933132, 0.0 ], [ 10.1283742, 36.5933748, 0.0 ], [ 10.128375, 36.5933755, 0.0 ], [ 10.1283759, 36.5933762, 0.0 ], [ 10.1283835, 36.5933824, 0.0 ], [ 10.1283928, 36.5933898, 0.0 ], [ 10.1284022, 36.5933974, 0.0 ], [ 10.1284571, 36.5934416, 0.0 ], [ 10.1285123, 36.593486, 0.0 ], [ 10.1287783, 36.5937002, 0.0 ], [ 10.1289857, 36.5939272, 0.0 ], [ 10.1291545, 36.5940379, 0.0 ], [ 10.1292007, 36.5940683, 0.0 ], [ 10.1293074, 36.5941709, 0.0 ], [ 10.1294162, 36.5942756, 0.0 ], [ 10.1294162, 36.5942756, 0.0 ], [ 10.1295045, 36.5943606, 0.0 ], [ 10.1296867, 36.5945359, 0.0 ], [ 10.1297662, 36.5946049, 0.0 ], [ 10.129958, 36.5947712, 0.0 ], [ 10.1300456, 36.5948472, 0.0 ], [ 10.1300456, 36.5948472, 0.0 ], [ 10.1302985, 36.5950666, 0.0 ], [ 10.1303068, 36.5950738, 0.0 ], [ 10.1304984, 36.5952161, 0.0 ], [ 10.1305657, 36.5952662, 0.0 ] ] ] } },
{ "type": "Feature", "properties": { "OBJECTID": 13195, "ID": 0, "SUP": 1.575, "Shape_Leng": 0.0049215715501499998, "Shape_Area": 1.58662355569e-06 }, "geometry": { "type": "Polygon", "coordinates": [ [ [ 10.1521456, 36.5843446, 0.0 ], [ 10.1534551, 36.5846048, 0.0 ], [ 10.1534033, 36.5853005, 0.0 ], [ 10.1533618, 36.5854941, 0.0 ], [ 10.153281, 36.5856309, 0.0 ], [ 10.1532238, 36.5857602, 0.0 ], [ 10.1532163, 36.5857906, 0.0 ], [ 10.1531811, 36.5857733, 0.0 ], [ 10.1529143, 36.5856898, 0.0 ], [ 10.152329, 36.5855487, 0.0 ], [ 10.1520824, 36.5854743, 0.0 ], [ 10.1520446, 36.5854514, 0.0 ], [ 10.1520033, 36.5853936, 0.0 ], [ 10.1519842, 36.5852773, 0.0 ], [ 10.1520117, 36.5849883, 0.0 ], [ 10.1521456, 36.5843446, 0.0 ] ] ] } },
{ "type": "Feature", "properties": { "OBJECTID": 13200, "ID": 0, "SUP": 7.763, "Shape_Leng": 0.021607494121899998, "Shape_Area": 7.8196621103500006e-06 }, "geometry": { "type": "Polygon", "coordinates": [ [ [ 10.1527197, 36.5770837, 0.0 ], [ 10.1592184, 36.5779265, 0.0 ], [ 10.1625933, 36.5783498, 0.0 ], [ 10.1625316, 36.5788281, 0.0 ], [ 10.1626789, 36.5792285, 0.0 ], [ 10.1527793, 36.5778266, 0.0 ], [ 10.1527765, 36.5776383, 0.0 ], [ 10.1527359, 36.5772359, 0.0 ], [ 10.1527197, 36.5770837, 0.0 ] ] ] } },
{ "type": "Feature", "properties": { "OBJECTID": 13201, "ID": 0, "SUP": 3.715, "Shape_Leng": 0.020839509704899999, "Shape_Area": 3.7427249373400002e-06 }, "geometry": { "type": "Polygon", "coordinates": [ [ [ 10.1527793, 36.5778266, 0.0 ], [ 10.1626789, 36.5792285, 0.0 ], [ 10.1628054, 36.5795723, 0.0 ], [ 10.1628094, 36.5795831, 0.0 ], [ 10.1616365, 36.5794581, 0.0 ], [ 10.1600677, 36.5792724, 0.0 ], [ 10.1590237, 36.5791439, 0.0 ], [ 10.1577515, 36.5789342, 0.0 ], [ 10.1527511, 36.5781215, 0.0 ], [ 10.1527515, 36.5780949, 0.0 ], [ 10.15278, 36.5778758, 0.0 ], [ 10.1527793, 36.5778266, 0.0 ] ] ] } },
{ "type": "Feature", "properties": { "OBJECTID": 13202, "ID": 0, "SUP": 9.337, "Shape_Leng": 0.023599758298000002, "Shape_Area": 9.4061868695700002e-06 }, "geometry": { "type": "Polygon", "coordinates": [ [ [ 10.1523871, 36.5749368, 0.0 ], [ 10.1632518, 36.5766061, 0.0 ], [ 10.1632643, 36.5766081, 0.0 ], [ 10.1632781, 36.576647, 0.0 ], [ 10.1633595, 36.5768764, 0.0 ], [ 10.1632484, 36.5773964, 0.0 ], [ 10.163237, 36.5773946, 0.0 ], [ 10.1607022, 36.5769962, 0.0 ], [ 10.1558972, 36.5764132, 0.0 ], [ 10.1526373, 36.5759343, 0.0 ], [ 10.152579, 36.5759243, 0.0 ], [ 10.152517, 36.5755243, 0.0 ], [ 10.1524329, 36.5751106, 0.0 ], [ 10.1523871, 36.5749368, 0.0 ] ] ] } },
{ "type": "Feature", "properties": { "OBJECTID": 13203, "ID": 0, "SUP": 11.023, "Shape_Leng": 0.0232588170915, "Shape_Area": 1.1104029272900001e-05 }, "geometry": { "type": "Polygon", "coordinates": [ [ [ 10.152579, 36.5759243, 0.0 ], [ 10.1526373, 36.5759343, 0.0 ], [ 10.1558972, 36.5764132, 0.0 ], [ 10.1607022, 36.5769962, 0.0 ], [ 10.163237, 36.5773946, 0.0 ], [ 10.1632484, 36.5773964, 0.0 ], [ 10.1632395, 36.5774025, 0.0 ], [ 10.1624885, 36.5779221, 0.0 ], [ 10.1625933, 36.5783498, 0.0 ], [ 10.1592184, 36.5779265, 0.0 ], [ 10.1527197, 36.5770837, 0.0 ], [ 10.1526352, 36.5762869, 0.0 ], [ 10.152579, 36.5759243, 0.0 ] ] ] } },
{ "type": "Feature", "properties": { "OBJECTID": 13204, "ID": 0, "SUP": 31.166, "Shape_Leng": 0.0272801621864, "Shape_Area": 3.13944248462e-05 }, "geometry": { "type": "Polygon", "coordinates": [ [ [ 10.1521921, 36.5723324, 0.0 ], [ 10.1530036, 36.5723679, 0.0 ], [ 10.1538865, 36.5724066, 0.0 ], [ 10.1539299, 36.5724085, 0.0 ], [ 10.153919, 36.572408, 0.0 ], [ 10.1545736, 36.5724544, 0.0 ], [ 10.156042, 36.5725533, 0.0 ], [ 10.1564009, 36.5725774, 0.0 ], [ 10.1583944, 36.5726935, 0.0 ], [ 10.1594617, 36.5727636, 0.0 ], [ 10.1599589, 36.5727643, 0.0 ], [ 10.1601241, 36.5727645, 0.0 ], [ 10.1601221, 36.5727485, 0.0 ], [ 10.1612947, 36.5726351, 0.0 ], [ 10.1614433, 36.5728626, 0.0 ], [ 10.161637, 36.5731589, 0.0 ], [ 10.1620455, 36.573773, 0.0 ], [ 10.1621622, 36.5739484, 0.0 ], [ 10.1624087, 36.5743188, 0.0 ], [ 10.1626381, 36.5748421, 0.0 ], [ 10.1628486, 36.5754356, 0.0 ], [ 10.1630774, 36.5760809, 0.0 ], [ 10.1630779, 36.5760823, 0.0 ], [ 10.1632643, 36.5766081, 0.0 ], [ 10.1632518, 36.5766061, 0.0 ], [ 10.1523871, 36.5749368, 0.0 ], [ 10.1523748, 36.57489, 0.0 ], [ 10.1523514, 36.5746737, 0.0 ], [ 10.1523408, 36.5743525, 0.0 ], [ 10.1523599, 36.5734977, 0.0 ], [ 10.1524016, 36.5730014, 0.0 ], [ 10.1523995, 36.572864, 0.0 ], [ 10.1523747, 36.5727479, 0.0 ], [ 10.1521921, 36.5723324, 0.0 ] ] ] } }
]
}
